tld,unicode,type,country,description
academy,,generic,,"Teach the world. Perfect for schools, online courses and training brands."
africa,,generic,,Proudly African. A pan-African address for brands across the continent.
agency,,generic,,"Make your agency easy to find, whether creative, marketing, travel or recruitment."
ai,,country-code,AI,The home of artificial intelligence. The address of choice for AI startups.
app,,generic,,Launch your app with a name that says what it is. Secure by default (HTTPS).
art,,generic,,"Showcase your creativity. The home for artists, galleries and collectors."
at,,country-code,AT,"Reach Austrian customers, or create catchy addresses like meet.at."
au,,country-code,AU,Short and Australian. Built for local brands (Australian presence required).
be,,country-code,BE,"Reach Belgian customers, or make the most of clever names like letit.be."
best,,generic,,"Claim your spot as the best. Great for reviews, rankings and standout brands."
biz,,generic,,"Made for business. A clear, professional choice for companies of every size."
blog,,generic,,Give your writing a home people remember. Made for bloggers and writers.
business,,generic,,Exactly what it says. A professional address for any business.
ca,,country-code,CA,Canada's trusted domain for local brands (Canadian presence required).
capital,,generic,,"Command confidence. Ideal for investment firms, VCs and capital markets."
cc,,country-code,CC,Short and versatile. A compact alternative for any brand or project.
ch,,country-code,CH,"Swiss quality, online. Reach customers in Switzerland."
chat,,generic,,"Start the conversation. Made for messaging apps, support and communities."
click,,generic,,"Drive action. Built for campaigns, landing pages and calls to action."
cloud,,generic,,"Made for cloud, SaaS and hosting brands that run on the internet."
club,,generic,,"Bring your people together. Great for fan clubs, communities and memberships."
co,,country-code,CO,"Short, sharp and global. A popular alternative to .com for companies and startups."
co.ke,,second-level,KE,Kenya's go-to business address. Trusted by local customers.
co.uk,,second-level,GB,The UK's most trusted business address. Instantly familiar to British customers.
co.za,,second-level,ZA,South Africa's favourite business address. Trusted across the region.
com,,generic,,"The world's most trusted domain. The first choice for any business, brand or idea."
com.au,,second-level,AU,Australia's most trusted business address (Australian presence required).
com.ng,,second-level,NG,"The go-to address for Nigerian businesses. Signals a trusted, local brand."
company,,generic,,"A credible, professional address for companies big and small."
consulting,,generic,,A professional home for consultants and advisory firms.
de,,country-code,DE,"Reach Germany, Europe's largest economy, with its most trusted domain."
design,,generic,,"Show off your craft. Made for designers, studios and creative agencies."
dev,,generic,,"Built for developers, tools and side projects. Secure by default (HTTPS)."
digital,,generic,,"For digital agencies, creators and products built for the modern web."
edu.ng,,second-level,NG,"The official address for Nigerian universities, polytechnics and colleges (eligibility required)."
education,,generic,,"For schools, tutors, edtech and learning resources."
email,,generic,,"A memorable address for your inbox, newsletters and email services."
es,,country-code,ES,Reach Spanish-speaking customers in Spain with its national domain.
eu,,country-code,EU,One address for the whole European Union (EU presence required).
events,,generic,,"Fill every seat. Ideal for event planners, venues and ticketing."
finance,,generic,,"Build trust with a finance-first name, for advisors, lenders and fintechs."
fm,,country-code,FM,"Tune in. Popular with radio stations, podcasts and music brands."
fr,,country-code,FR,Speak to French customers with France's national domain.
fun,,generic,,"Bring the good vibes. Perfect for games, events, hobbies and entertainment."
games,,generic,,"Level up. Made for gamers, game studios, esports and gaming communities."
gg,,country-code,GG,"Good game! A favourite of gamers, esports teams and streamers."
global,,generic,,Show the world you operate everywhere. Built for international brands.
group,,generic,,"For groups, collectives and holding companies with many moving parts."
guru,,generic,,"Show off your expertise. Made for coaches, consultants and specialists."
host,,generic,,"Made for hosting providers, servers and infrastructure brands."
i.ng,,second-level,NG,"A short, creative Nigerian address. Spell words like s.i.ng or br.i.ng."
in,,country-code,IN,Reach India's fast-growing online market with its national domain.
info,,generic,,"Share knowledge. Perfect for guides, resources, FAQs and information hubs."
io,,country-code,IO,"The startup favourite. Loved by tech founders, SaaS and developer tools."
it,,country-code,IT,Connect with Italian customers using Italy's national domain.
ke,,country-code,KE,Kenya's national domain. Connect with customers across East Africa.
la,,country-code,LA,"Popular with LA brands and anyone who loves a short, catchy name."
life,,generic,,"Share your passion. Perfect for lifestyle, wellness and personal brands."
link,,generic,,"Short and shareable. Great for link-in-bio pages, redirects and campaigns."
live,,generic,,"Go live. Perfect for streamers, events, broadcasts and entertainment."
love,,generic,,"Share what you love. Great for weddings, passions and heartfelt brands."
marketing,,generic,,"Market your marketing. Made for agencies, growth teams and marketers."
me,,country-code,ME,"All about you. Perfect for personal brands, portfolios and links like contact.me."
media,,generic,,"For media houses, content creators, podcasters and production studios."
mobi,,generic,,Built for the mobile-first audience. Great for apps and on-the-go services.
money,,generic,,"Talk money. Built for fintech, payments, savings and personal finance."
music,,generic,,"Your sound, your address. For artists, labels, venues and music lovers."
mx,,country-code,MX,Reach Mexican customers with Mexico's national domain.
name,,generic,,"Your personal brand online, for portfolios, CVs and a memorable email address."
name.ng,,second-level,NG,"Claim your name online. A personal Nigerian address for portfolios, CVs and email."
net,,generic,,"A classic, credible alternative when your .com is taken. Great for tech and networks."
net.ng,,second-level,NG,"Ideal for Nigerian tech, telecoms and internet service brands."
network,,generic,,"Connect people and ideas. Great for communities, IT and professional networks."
news,,generic,,Break stories under a name readers trust. Made for publishers and journalists.
ng,,country-code,NG,"Nigeria's home on the web. Short, proud and instantly recognised by Nigerian customers."
nl,,country-code,NL,Win over Dutch customers with the Netherlands' popular national domain.
one,,generic,,"Short, versatile and memorable. Be the one your customers remember."
online,,generic,,Say exactly where you are. Perfect for any business going online.
org,,generic,,"The trusted home of non-profits, charities, communities and open-source projects."
org.ng,,second-level,NG,"Build trust for your Nigerian NGO, foundation, church or community group."
page,,generic,,"A simple, secure page for your brand, event or project (HTTPS by default)."
photography,,generic,,Frame your work. Made for photographers and photo studios.
pl,,country-code,PL,Reach Poland's growing online market with its national domain.
pro,,generic,,"Show you mean business. Built for professionals, consultants and freelancers."
sch.ng,,second-level,NG,The official address for Nigerian primary and secondary schools (eligibility required).
se,,country-code,SE,Connect with Swedish customers using Sweden's national domain.
services,,generic,,Show off what you offer. A clear fit for any service business.
shop,,generic,,Open your doors online. The natural home for e-commerce and shops of any size.
site,,generic,,"Short, simple and memorable. A home for any website you can imagine."
social,,generic,,"Get social. For communities, creators, influencers and social apps."
solutions,,generic,,Tell clients you solve problems. Ideal for consultancies and service providers.
space,,generic,,"Room to create. A great fit for portfolios, studios and creative projects."
store,,generic,,Tell customers they can buy from you. Made for online stores and retail brands.
studio,,generic,,"For studios of every kind, from music and film to fitness and design."
team,,generic,,"Rally your squad. Great for sports teams, clubs and collaborative projects."
tech,,generic,,"Instantly signals innovation. Ideal for startups, gadgets and tech brands."
today,,generic,,"Fresh and timely. Ideal for news, daily deals and up-to-the-minute content."
top,,generic,,"Short, punchy and affordable. Position your brand at the top."
travel,,generic,,"Inspire wanderlust. For travel agencies, tour operators and travel creators."
tv,,country-code,TV,"Made for video. Ideal for streaming, channels, creators and broadcasters."
uk,,country-code,GB,Short and British. A trusted address for UK customers.
us,,country-code,US,America's domain. Show US customers you're right at home (US presence required).
vip,,generic,,"Exclusive by name. Ideal for premium brands, events and loyalty programmes."
website,,generic,,"Say it like it is. A clear, descriptive address for any website."
works,,generic,,"Show your work. Ideal for portfolios, workshops and production houses."
world,,generic,,"Think big. For brands, travel and projects with a global outlook."
ws,,country-code,WS,"Reads as ""website"". A short, memorable address for any site."
xyz,,generic,,"Flexible, modern and affordable. A favourite of startups, creators and Web3 projects."