product_sku,product_category,product_variant,currency,price_amount,product_features
academy,domain,create,USD,58,provider=openprovider
academy,domain,renew,USD,58,provider=openprovider
academy,domain,transfer,USD,58,provider=openprovider
africa,domain,create,USD,13.98,provider=openprovider
africa,domain,renew,USD,16.98,provider=openprovider
africa,domain,transfer,USD,13.98,provider=openprovider
agency,domain,create,USD,30,provider=openprovider
agency,domain,renew,USD,30,provider=openprovider
agency,domain,transfer,USD,30,provider=openprovider
ai,domain,create,USD,109,provider=openprovider
ai,domain,renew,USD,134,provider=openprovider
ai,domain,transfer,USD,109,provider=openprovider
app,domain,create,USD,26.98,provider=openprovider
app,domain,renew,USD,26.98,provider=openprovider
app,domain,transfer,USD,26.98,provider=openprovider
art,domain,create,USD,35,provider=openprovider
art,domain,renew,USD,35,provider=openprovider
art,domain,transfer,USD,35,provider=openprovider
at,domain,create,USD,11.97,provider=openprovider
at,domain,renew,USD,21.12,provider=openprovider
at,domain,transfer,USD,0,provider=openprovider
au,domain,create,USD,14.58,provider=openprovider
au,domain,renew,USD,14.58,provider=openprovider
au,domain,transfer,USD,0,provider=openprovider
be,domain,create,USD,8.8,provider=openprovider
be,domain,renew,USD,18.75,provider=openprovider
be,domain,transfer,USD,8.8,provider=openprovider
best,domain,create,USD,30.51,provider=openprovider
best,domain,renew,USD,35.63,provider=openprovider
best,domain,transfer,USD,35.63,provider=openprovider
biz,domain,create,USD,21.98,provider=openprovider
biz,domain,renew,USD,28.98,provider=openprovider
biz,domain,transfer,USD,21.98,provider=openprovider
blog,domain,create,USD,33,provider=openprovider
blog,domain,renew,USD,40.36,provider=openprovider
blog,domain,transfer,USD,40.36,provider=openprovider
business,domain,create,USD,23.5,provider=openprovider
business,domain,renew,USD,23.5,provider=openprovider
business,domain,transfer,USD,23.5,provider=openprovider
ca,domain,create,USD,11.78,provider=openprovider
ca,domain,renew,USD,19.15,provider=openprovider
ca,domain,transfer,USD,19.15,provider=openprovider
capital,domain,create,USD,75.99,provider=openprovider
capital,domain,renew,USD,75.99,provider=openprovider
capital,domain,transfer,USD,75.99,provider=openprovider
cc,domain,create,USD,8.99,provider=openprovider
cc,domain,renew,USD,29.99,provider=openprovider
cc,domain,transfer,USD,29.99,provider=openprovider
ch,domain,create,USD,8.81,provider=openprovider
ch,domain,renew,USD,27.72,provider=openprovider
ch,domain,transfer,USD,0,provider=openprovider
chat,domain,create,USD,59,provider=openprovider
chat,domain,renew,USD,59,provider=openprovider
chat,domain,transfer,USD,59,provider=openprovider
click,domain,create,USD,19.98,provider=openprovider
click,domain,renew,USD,19.98,provider=openprovider
click,domain,transfer,USD,19.98,provider=openprovider
cloud,domain,create,USD,25.98,provider=openprovider
cloud,domain,renew,USD,35.98,provider=openprovider
cloud,domain,transfer,USD,25.98,provider=openprovider
club,domain,create,USD,19.98,provider=openprovider
club,domain,renew,USD,25.98,provider=openprovider
club,domain,transfer,USD,19.98,provider=openprovider
co,domain,create,USD,39.98,provider=openprovider
co,domain,renew,USD,46.98,provider=openprovider
co,domain,transfer,USD,39.98,provider=openprovider
co.ke,domain,create,USD,166.65,provider=openprovider
co.ke,domain,renew,USD,166.65,provider=openprovider
co.ke,domain,transfer,USD,166.65,provider=openprovider
co.uk,domain,create,USD,6.93,provider=openprovider
co.uk,domain,renew,USD,17.33,provider=openprovider
co.uk,domain,transfer,USD,0,provider=openprovider
co.za,domain,create,USD,7.49,provider=openprovider
co.za,domain,renew,USD,13.78,provider=openprovider
co.za,domain,transfer,USD,0,provider=openprovider
com,domain,create,USD,11.98,provider=openprovider
com,domain,renew,USD,16.98,provider=openprovider
com,domain,transfer,USD,11.98,provider=openprovider
com.au,domain,create,USD,14.58,provider=openprovider
com.au,domain,renew,USD,14.58,provider=openprovider
com.au,domain,transfer,USD,0,provider=openprovider
com.ng,domain,create,NGN,6000,provider=nira
com.ng,domain,create,USD,4.51,provider=nira
com.ng,domain,renew,NGN,6000,provider=nira
com.ng,domain,renew,USD,4.51,provider=nira
com.ng,domain,transfer,NGN,6000,provider=nira
com.ng,domain,transfer,USD,4.51,provider=nira
company,domain,create,USD,26.5,provider=openprovider
company,domain,renew,USD,26.5,provider=openprovider
company,domain,transfer,USD,26.5,provider=openprovider
consulting,domain,create,USD,56.9,provider=openprovider
consulting,domain,renew,USD,56.9,provider=openprovider
consulting,domain,transfer,USD,56.9,provider=openprovider
de,domain,create,USD,5.46,provider=openprovider
de,domain,renew,USD,5.46,provider=openprovider
de,domain,transfer,USD,5.46,provider=openprovider
design,domain,create,USD,50.98,provider=openprovider
design,domain,renew,USD,69.98,provider=openprovider
design,domain,transfer,USD,50.98,provider=openprovider
dev,domain,create,USD,23.98,provider=openprovider
dev,domain,renew,USD,23.98,provider=openprovider
dev,domain,transfer,USD,23.98,provider=openprovider
digital,domain,create,USD,48,provider=openprovider
digital,domain,renew,USD,48,provider=openprovider
digital,domain,transfer,USD,48,provider=openprovider
edu.ng,domain,create,NGN,6000,provider=nira
edu.ng,domain,create,USD,4.51,provider=nira
edu.ng,domain,renew,NGN,6000,provider=nira
edu.ng,domain,renew,USD,4.51,provider=nira
edu.ng,domain,transfer,NGN,6000,provider=nira
edu.ng,domain,transfer,USD,0,provider=openprovider
education,domain,create,USD,43,provider=openprovider
education,domain,renew,USD,43,provider=openprovider
education,domain,transfer,USD,43,provider=openprovider
email,domain,create,USD,38,provider=openprovider
email,domain,renew,USD,38,provider=openprovider
email,domain,transfer,USD,38,provider=openprovider
es,domain,create,USD,5.28,provider=openprovider
es,domain,renew,USD,11.72,provider=openprovider
es,domain,transfer,USD,0,provider=openprovider
eu,domain,create,USD,8.19,provider=openprovider
eu,domain,renew,USD,15.23,provider=openprovider
eu,domain,transfer,USD,14.06,provider=openprovider
events,domain,create,USD,70,provider=openprovider
events,domain,renew,USD,70,provider=openprovider
events,domain,transfer,USD,70,provider=openprovider
finance,domain,create,USD,71,provider=openprovider
finance,domain,renew,USD,71,provider=openprovider
finance,domain,transfer,USD,71,provider=openprovider
fm,domain,create,USD,130,provider=openprovider
fm,domain,renew,USD,158.98,provider=openprovider
fm,domain,transfer,USD,158.98,provider=openprovider
fr,domain,create,USD,6.98,provider=openprovider
fr,domain,renew,USD,8.16,provider=openprovider
fr,domain,transfer,USD,8.16,provider=openprovider
fun,domain,create,USD,37.98,provider=openprovider
fun,domain,renew,USD,37.98,provider=openprovider
fun,domain,transfer,USD,37.98,provider=openprovider
games,domain,create,USD,42.98,provider=openprovider
games,domain,renew,USD,42.98,provider=openprovider
games,domain,transfer,USD,42.98,provider=openprovider
gg,domain,create,USD,292.22,provider=openprovider
gg,domain,renew,USD,193.64,provider=openprovider
gg,domain,transfer,USD,193.64,provider=openprovider
global,domain,create,USD,124,provider=openprovider
global,domain,renew,USD,124,provider=openprovider
global,domain,transfer,USD,124,provider=openprovider
group,domain,create,USD,29.98,provider=openprovider
group,domain,renew,USD,29.98,provider=openprovider
group,domain,transfer,USD,29.98,provider=openprovider
guru,domain,create,USD,53,provider=openprovider
guru,domain,renew,USD,53,provider=openprovider
guru,domain,transfer,USD,53,provider=openprovider
host,domain,create,USD,109.98,provider=openprovider
host,domain,renew,USD,109.98,provider=openprovider
host,domain,transfer,USD,109.98,provider=openprovider
i.ng,domain,create,NGN,6000,provider=nira
i.ng,domain,create,USD,4.51,provider=nira
i.ng,domain,renew,NGN,6000,provider=nira
i.ng,domain,renew,USD,4.51,provider=nira
i.ng,domain,transfer,NGN,6000,provider=nira
i.ng,domain,transfer,USD,0,provider=openprovider
in,domain,create,USD,7.59,provider=openprovider
in,domain,renew,USD,10.84,provider=openprovider
in,domain,transfer,USD,7.59,provider=openprovider
info,domain,create,USD,26.98,provider=openprovider
info,domain,renew,USD,39.98,provider=openprovider
info,domain,transfer,USD,26.98,provider=openprovider
io,domain,create,USD,74.98,provider=openprovider
io,domain,renew,USD,89.98,provider=openprovider
io,domain,transfer,USD,74.98,provider=openprovider
it,domain,create,USD,5.86,provider=openprovider
it,domain,renew,USD,18.77,provider=openprovider
it,domain,transfer,USD,18.77,provider=openprovider
ke,domain,create,USD,198,provider=openprovider
ke,domain,renew,USD,198,provider=openprovider
ke,domain,transfer,USD,39,provider=openprovider
la,domain,create,USD,52.5,provider=openprovider
la,domain,renew,USD,56,provider=openprovider
la,domain,transfer,USD,52.5,provider=openprovider
life,domain,create,USD,47,provider=openprovider
life,domain,renew,USD,47,provider=openprovider
life,domain,transfer,USD,47,provider=openprovider
link,domain,create,USD,18,provider=openprovider
link,domain,renew,USD,18,provider=openprovider
link,domain,transfer,USD,18,provider=openprovider
live,domain,create,USD,43,provider=openprovider
live,domain,renew,USD,43,provider=openprovider
live,domain,transfer,USD,43,provider=openprovider
love,domain,create,USD,39.98,provider=openprovider
love,domain,renew,USD,39.98,provider=openprovider
love,domain,transfer,USD,40.36,provider=openprovider
marketing,domain,create,USD,48,provider=openprovider
marketing,domain,renew,USD,48,provider=openprovider
marketing,domain,transfer,USD,48,provider=openprovider
me,domain,create,USD,19.94,provider=openprovider
me,domain,renew,USD,31.68,provider=openprovider
me,domain,transfer,USD,21.11,provider=openprovider
media,domain,create,USD,55.5,provider=openprovider
media,domain,renew,USD,55.5,provider=openprovider
media,domain,transfer,USD,55.5,provider=openprovider
mobi,domain,create,USD,59.98,provider=openprovider
mobi,domain,renew,USD,69.98,provider=openprovider
mobi,domain,transfer,USD,59.98,provider=openprovider
money,domain,create,USD,33,provider=openprovider
money,domain,renew,USD,33,provider=openprovider
money,domain,transfer,USD,33,provider=openprovider
music,domain,create,USD,45,provider=openprovider
music,domain,renew,USD,63,provider=openprovider
music,domain,transfer,USD,45,provider=openprovider
mx,domain,create,USD,48.98,provider=openprovider
mx,domain,renew,USD,60.98,provider=openprovider
mx,domain,transfer,USD,48.98,provider=openprovider
name,domain,create,USD,20,provider=openprovider
name,domain,renew,USD,20,provider=openprovider
name,domain,transfer,USD,20,provider=openprovider
name.ng,domain,create,NGN,400,provider=nira
name.ng,domain,create,USD,0.3,provider=nira
name.ng,domain,renew,NGN,400,provider=nira
name.ng,domain,renew,USD,0.3,provider=nira
name.ng,domain,transfer,NGN,400,provider=nira
name.ng,domain,transfer,USD,0.3,provider=nira
net,domain,create,USD,15.53,provider=openprovider
net,domain,renew,USD,19.99,provider=openprovider
net,domain,transfer,USD,19.99,provider=openprovider
net.ng,domain,create,NGN,6000,provider=nira
net.ng,domain,create,USD,4.51,provider=nira
net.ng,domain,renew,NGN,6000,provider=nira
net.ng,domain,renew,USD,4.51,provider=nira
net.ng,domain,transfer,NGN,6000,provider=nira
net.ng,domain,transfer,USD,4.51,provider=nira
network,domain,create,USD,43,provider=openprovider
network,domain,renew,USD,43,provider=openprovider
network,domain,transfer,USD,43,provider=openprovider
news,domain,create,USD,41,provider=openprovider
news,domain,renew,USD,41,provider=openprovider
news,domain,transfer,USD,41,provider=openprovider
ng,domain,create,NGN,13000,provider=nira
ng,domain,create,USD,9.77,provider=nira
ng,domain,renew,NGN,13000,provider=nira
ng,domain,renew,USD,9.77,provider=nira
ng,domain,transfer,NGN,13000,provider=nira
ng,domain,transfer,USD,9.77,provider=nira
nl,domain,create,USD,14.07,provider=openprovider
nl,domain,renew,USD,14.07,provider=openprovider
nl,domain,transfer,USD,0,provider=openprovider
one,domain,create,USD,35.99,provider=openprovider
one,domain,renew,USD,35.99,provider=openprovider
one,domain,transfer,USD,35.99,provider=openprovider
online,domain,create,USD,29.98,provider=openprovider
online,domain,renew,USD,29.98,provider=openprovider
online,domain,transfer,USD,29.98,provider=openprovider
org,domain,create,USD,19.99,provider=openprovider
org,domain,renew,USD,20.9,provider=openprovider
org,domain,transfer,USD,19.99,provider=openprovider
org.ng,domain,create,NGN,6000,provider=nira
org.ng,domain,create,USD,4.51,provider=nira
org.ng,domain,renew,NGN,6000,provider=nira
org.ng,domain,renew,USD,4.51,provider=nira
org.ng,domain,transfer,NGN,6000,provider=nira
org.ng,domain,transfer,USD,4.51,provider=nira
page,domain,create,USD,21.98,provider=openprovider
page,domain,renew,USD,21.98,provider=openprovider
page,domain,transfer,USD,21.98,provider=openprovider
photography,domain,create,USD,44,provider=openprovider
photography,domain,renew,USD,44,provider=openprovider
photography,domain,transfer,USD,44,provider=openprovider
pl,domain,create,USD,12.45,provider=openprovider
pl,domain,renew,USD,31.81,provider=openprovider
pl,domain,transfer,USD,0,provider=openprovider
premium.ng,domain,create,NGN,150000,provider=nira
premium.ng,domain,create,USD,112.73,provider=nira
premium.ng,domain,renew,NGN,150000,provider=nira
premium.ng,domain,renew,USD,112.73,provider=nira
premium.ng,domain,transfer,NGN,150000,provider=nira
premium.ng,domain,transfer,USD,112.73,provider=nira
pro,domain,create,USD,26.98,provider=openprovider
pro,domain,renew,USD,35.98,provider=openprovider
pro,domain,transfer,USD,26.98,provider=openprovider
sch.ng,domain,create,NGN,6000,provider=nira
sch.ng,domain,create,USD,4.51,provider=nira
sch.ng,domain,renew,NGN,6000,provider=nira
sch.ng,domain,renew,USD,4.51,provider=nira
sch.ng,domain,transfer,NGN,6000,provider=nira
sch.ng,domain,transfer,USD,0,provider=openprovider
se,domain,create,USD,22,provider=openprovider
se,domain,renew,USD,35.38,provider=openprovider
se,domain,transfer,USD,0,provider=openprovider
services,domain,create,USD,47,provider=openprovider
services,domain,renew,USD,47,provider=openprovider
services,domain,transfer,USD,47,provider=openprovider
shop,domain,create,USD,31.98,provider=openprovider
shop,domain,renew,USD,55.98,provider=openprovider
shop,domain,transfer,USD,55.98,provider=openprovider
site,domain,create,USD,34.98,provider=openprovider
site,domain,renew,USD,34.98,provider=openprovider
site,domain,transfer,USD,34.98,provider=openprovider
social,domain,create,USD,51,provider=openprovider
social,domain,renew,USD,51,provider=openprovider
social,domain,transfer,USD,51,provider=openprovider
solutions,domain,create,USD,42,provider=openprovider
solutions,domain,renew,USD,42,provider=openprovider
solutions,domain,transfer,USD,42,provider=openprovider
space,domain,create,USD,32.98,provider=openprovider
space,domain,renew,USD,32.98,provider=openprovider
space,domain,transfer,USD,32.98,provider=openprovider
store,domain,create,USD,53,provider=openprovider
store,domain,renew,USD,53,provider=openprovider
store,domain,transfer,USD,49.98,provider=openprovider
studio,domain,create,USD,55,provider=openprovider
studio,domain,renew,USD,55,provider=openprovider
studio,domain,transfer,USD,55,provider=openprovider
team,domain,create,USD,45,provider=openprovider
team,domain,renew,USD,45,provider=openprovider
team,domain,transfer,USD,45,provider=openprovider
tech,domain,create,USD,59.98,provider=openprovider
tech,domain,renew,USD,59.98,provider=openprovider
tech,domain,transfer,USD,59.98,provider=openprovider
today,domain,create,USD,36.49,provider=openprovider
today,domain,renew,USD,36.49,provider=openprovider
today,domain,transfer,USD,36.49,provider=openprovider
top,domain,create,USD,4.7,provider=openprovider
top,domain,renew,USD,12.84,provider=openprovider
top,domain,transfer,USD,12.84,provider=openprovider
travel,domain,create,USD,155,provider=openprovider
travel,domain,renew,USD,155,provider=openprovider
travel,domain,transfer,USD,155,provider=openprovider
tv,domain,create,USD,25.99,provider=openprovider
tv,domain,renew,USD,49.99,provider=openprovider
tv,domain,transfer,USD,49.99,provider=openprovider
uk,domain,create,USD,6.93,provider=openprovider
uk,domain,renew,USD,20.78,provider=openprovider
uk,domain,transfer,USD,0,provider=openprovider
us,domain,create,USD,6.99,provider=openprovider
us,domain,renew,USD,15.99,provider=openprovider
us,domain,transfer,USD,15.99,provider=openprovider
vip,domain,create,USD,19.98,provider=openprovider
vip,domain,renew,USD,25.98,provider=openprovider
vip,domain,transfer,USD,19.98,provider=openprovider
website,domain,create,USD,22.99,provider=openprovider
website,domain,renew,USD,35.99,provider=openprovider
website,domain,transfer,USD,22.99,provider=openprovider
works,domain,create,USD,51,provider=openprovider
works,domain,renew,USD,51,provider=openprovider
works,domain,transfer,USD,51,provider=openprovider
world,domain,create,USD,51,provider=openprovider
world,domain,renew,USD,51,provider=openprovider
world,domain,transfer,USD,51,provider=openprovider
ws,domain,create,USD,44.98,provider=openprovider
ws,domain,renew,USD,49.98,provider=openprovider
ws,domain,transfer,USD,44.98,provider=openprovider
xyz,domain,create,USD,22.1,provider=openprovider
xyz,domain,renew,USD,22.1,provider=openprovider
xyz,domain,transfer,USD,22.1,provider=openprovider