tld,provider,currency,amount
5g.in,openprovider,USD,7.59
6g.in,openprovider,USD,7.59
aaa.pro,openprovider,USD,222
abc.br,openprovider,USD,0
abogado,openprovider,USD,29.98
abr.it,openprovider,USD,18.72
abruzzo.it,openprovider,USD,18.72
ac,openprovider,USD,67.5
ac.cn,openprovider,USD,22.3
ac.ke,openprovider,USD,166.65
ac.mu,openprovider,USD,62
ac.ni,openprovider,USD,48
ac.nz,openprovider,USD,0
ac.rw,openprovider,USD,43.42
ac.tz,openprovider,USD,0
ac.vn,openprovider,USD,0
aca.pro,openprovider,USD,222
academy,openprovider,USD,58
accountant,openprovider,USD,38
accountants,openprovider,USD,128
acct.pro,openprovider,USD,222
actor,openprovider,USD,53
adm.ec,openprovider,USD,39.95
adult,openprovider,USD,170.98
adult.ht,openprovider,USD,57
ae,openprovider,USD,0
ae.org,openprovider,USD,30
aero,openprovider,USD,130.27
af,openprovider,USD,116
africa,openprovider,USD,13.98
africa.com,openprovider,USD,27.95
ag,openprovider,USD,150
ag.it,openprovider,USD,18.72
agency,openprovider,USD,30
agrigento.it,openprovider,USD,18.72
agro.pl,openprovider,USD,0
ah.cn,openprovider,USD,33.26
ahmdabad.in,openprovider,USD,7.59
ai,openprovider,USD,109
ai.in,openprovider,USD,7.59
aid.pl,openprovider,USD,0
airforce,openprovider,USD,114
al,openprovider,USD,75
al.it,openprovider,USD,18.72
alessandria.it,openprovider,USD,18.72
alsace,openprovider,USD,70.77
alto-adige.it,openprovider,USD,18.72
altoadige.it,openprovider,USD,18.72
am,openprovider,USD,75
am.in,openprovider,USD,7.59
amsterdam,openprovider,USD,59.03
an.it,openprovider,USD,18.72
ancona.it,openprovider,USD,18.72
andria-barletta-trani.it,openprovider,USD,18.72
andria-trani-barletta.it,openprovider,USD,18.72
andriabarlettatrani.it,openprovider,USD,18.72
andriatranibarletta.it,openprovider,USD,18.72
ao,openprovider,USD,293.4
ao.it,openprovider,USD,18.72
aosta-valley.it,openprovider,USD,18.72
aosta.it,openprovider,USD,18.72
aostavalley.it,openprovider,USD,18.72
aoste.it,openprovider,USD,18.72
ap.it,openprovider,USD,18.72
apartments,openprovider,USD,57
app,openprovider,USD,26.98
aq.it,openprovider,USD,18.72
aquila.it,openprovider,USD,18.72
ar.com,openprovider,USD,35
ar.it,openprovider,USD,18.72
archi,openprovider,USD,115
arezzo.it,openprovider,USD,18.72
army,openprovider,USD,57
art,openprovider,USD,35
art.ec,openprovider,USD,39.95
arts.ro,openprovider,USD,17.58
ascoli-piceno.it,openprovider,USD,18.72
ascolipiceno.it,openprovider,USD,18.72
asia,openprovider,USD,23.58
asn.au,openprovider,USD,0
asn.lv,openprovider,USD,14.08
asso.fr,openprovider,USD,10.8
associates,openprovider,USD,47
asti.it,openprovider,USD,18.72
at,openprovider,USD,0
at.it,openprovider,USD,18.72
at.pr,openprovider,USD,294
atm.pl,openprovider,USD,0
attorney,openprovider,USD,62
au,openprovider,USD,0
auction,openprovider,USD,41
audio,openprovider,USD,200.36
augustow.pl,openprovider,USD,0
auto,openprovider,USD,4000.36
auto.pl,openprovider,USD,0
autos,openprovider,USD,22.1
av.it,openprovider,USD,18.72
avellino.it,openprovider,USD,18.72
avocat.pro,openprovider,USD,270.36
ax,openprovider,USD,68.07
ba.it,openprovider,USD,18.72
babia-gora.pl,openprovider,USD,0
baby,openprovider,USD,100.36
balsan-sudtirol.it,openprovider,USD,18.72
balsan-suedtirol.it,openprovider,USD,18.72
balsan.it,openprovider,USD,18.72
band,openprovider,USD,39
bank,openprovider,USD,1567.9
bar,openprovider,USD,100.36
bar.ec,openprovider,USD,39.95
bar.pro,openprovider,USD,270.36
barcelona,openprovider,USD,47.3
bargains,openprovider,USD,64.8
bari.it,openprovider,USD,18.72
barletta-trani-andria.it,openprovider,USD,18.72
barlettatraniandria.it,openprovider,USD,18.72
bas.it,openprovider,USD,18.72
basilicata.it,openprovider,USD,18.72
basketball,openprovider,USD,80.36
bayern,openprovider,USD,55.51
be,openprovider,USD,8.8
beauty,openprovider,USD,22.1
bedzin.pl,openprovider,USD,0
beer,openprovider,USD,35.98
belem.br,openprovider,USD,0
belluno.it,openprovider,USD,18.72
benevento.it,openprovider,USD,18.72
bergamo.it,openprovider,USD,18.72
berlin,openprovider,USD,84.47
beskidy.pl,openprovider,USD,0
best,openprovider,USD,35.63
bet,openprovider,USD,29.98
bg.it,openprovider,USD,18.72
bh,openprovider,USD,145
bi.it,openprovider,USD,18.72
bialowieza.pl,openprovider,USD,0
bialystok.pl,openprovider,USD,0
bible,openprovider,USD,78.36
bid,openprovider,USD,33
bielawa.pl,openprovider,USD,0
biella.it,openprovider,USD,18.72
bieszczady.pl,openprovider,USD,0
bihar.in,openprovider,USD,7.59
bike,openprovider,USD,52
bingo,openprovider,USD,59
bio,openprovider,USD,63
biz,openprovider,USD,21.98
biz.bh,openprovider,USD,330
biz.in,openprovider,USD,7.59
biz.pl,openprovider,USD,0
biz.ss,openprovider,USD,176.04
biz.vn,openprovider,USD,0
bj,openprovider,USD,0
bj.cn,openprovider,USD,33.26
bl.it,openprovider,USD,18.72
black,openprovider,USD,53.01
blackfriday,openprovider,USD,200.36
blog,openprovider,USD,40.36
blog.br,openprovider,USD,0
blue,openprovider,USD,26.98
bn.it,openprovider,USD,18.72
bo,openprovider,USD,498
bo.it,openprovider,USD,18.72
boats,openprovider,USD,22.1
boleslawiec.pl,openprovider,USD,0
bologna.it,openprovider,USD,18.72
bolzano-altoadige.it,openprovider,USD,18.72
bolzano.it,openprovider,USD,18.72
bond,openprovider,USD,25.98
boo,openprovider,USD,14.98
boston,openprovider,USD,24.98
boutique,openprovider,USD,41
bozen-sudtirol.it,openprovider,USD,18.72
bozen-suedtirol.it,openprovider,USD,18.72
bozen.it,openprovider,USD,18.72
br.com,openprovider,USD,66
br.it,openprovider,USD,18.72
brescia.it,openprovider,USD,18.72
brindisi.it,openprovider,USD,18.72
broker,openprovider,USD,45
brussels,openprovider,USD,47.3
bs.it,openprovider,USD,18.72
bt.it,openprovider,USD,18.72
build,openprovider,USD,75
builders,openprovider,USD,48
bulsan-sudtirol.it,openprovider,USD,18.72
bulsan-suedtirol.it,openprovider,USD,18.72
bulsan.it,openprovider,USD,18.72
business,openprovider,USD,23.5
business.in,openprovider,USD,7.59
buzz,openprovider,USD,50.36
bw,openprovider,USD,0
bydgoszcz.pl,openprovider,USD,0
bytom.pl,openprovider,USD,0
bz,openprovider,USD,42
bz.it,openprovider,USD,18.72
bzh,openprovider,USD,82.5
ca,openprovider,USD,19.15
ca.in,openprovider,USD,7.59
ca.it,openprovider,USD,18.72
cab,openprovider,USD,44
cafe,openprovider,USD,64
cagliari.it,openprovider,USD,18.72
cal.it,openprovider,USD,18.72
calabria.it,openprovider,USD,18.72
caltanissetta.it,openprovider,USD,18.72
cam,openprovider,USD,32
cam.it,openprovider,USD,18.72
camera,openprovider,USD,55
camp,openprovider,USD,74
campania.it,openprovider,USD,18.72
campidano-medio.it,openprovider,USD,18.72
campidanomedio.it,openprovider,USD,18.72
campobasso.it,openprovider,USD,18.72
capetown,openprovider,USD,20.76
capital,openprovider,USD,75.99
car,openprovider,USD,2552
carbonia-iglesias.it,openprovider,USD,18.72
carboniaiglesias.it,openprovider,USD,18.72
cards,openprovider,USD,51
care,openprovider,USD,53
career,openprovider,USD,100
careers,openprovider,USD,75.9
carrara-massa.it,openprovider,USD,18.72
carraramassa.it,openprovider,USD,18.72
cars,openprovider,USD,4000.36
casa,openprovider,USD,12.98
case,openprovider,USD,2200
caserta.it,openprovider,USD,18.72
cash,openprovider,USD,54.98
casino,openprovider,USD,169
cat,openprovider,USD,35.2
catania.it,openprovider,USD,18.72
catanzaro.it,openprovider,USD,18.72
catering,openprovider,USD,51
cb.it,openprovider,USD,18.72
cc,openprovider,USD,29.99
cc.bh,openprovider,USD,330
cd,openprovider,USD,95
ce.it,openprovider,USD,18.72
center,openprovider,USD,40
ceo,openprovider,USD,120.98
cesena-forli.it,openprovider,USD,18.72
cesenaforli.it,openprovider,USD,18.72
cf,openprovider,USD,0
cfd,openprovider,USD,25.98
ch,openprovider,USD,0
ch.it,openprovider,USD,18.72
ch.pr,openprovider,USD,294
channel,openprovider,USD,13.99
charity,openprovider,USD,43.36
chat,openprovider,USD,59
cheap,openprovider,USD,41
chieti.it,openprovider,USD,18.72
christmas,openprovider,USD,60.36
church,openprovider,USD,70
ci,openprovider,USD,142
ci.it,openprovider,USD,18.72
cieszyn.pl,openprovider,USD,0
city,openprovider,USD,32.98
cl,openprovider,USD,13.2
cl.it,openprovider,USD,18.72
claims,openprovider,USD,64
cleaning,openprovider,USD,82
click,openprovider,USD,19.98
clinic,openprovider,USD,71
clothing,openprovider,USD,41
cloud,openprovider,USD,25.98
club,openprovider,USD,19.98
club.tw,openprovider,USD,63.99
cm,openprovider,USD,0
cn,openprovider,USD,32
cn.com,openprovider,USD,39.98
cn.in,openprovider,USD,7.59
cn.it,openprovider,USD,18.72
co,openprovider,USD,39.98
co.ag,openprovider,USD,100
co.ao,openprovider,USD,332.12
co.at,openprovider,USD,0
co.bi,openprovider,USD,91.54
co.bj,openprovider,USD,51.64
co.bw,openprovider,USD,0
co.bz,openprovider,USD,70
co.ci,openprovider,USD,97
co.cm,openprovider,USD,0
co.com,openprovider,USD,40
co.dm,openprovider,USD,299
co.gg,openprovider,USD,193.64
co.gl,openprovider,USD,87.93
co.gy,openprovider,USD,151
co.hu,openprovider,USD,140.83
co.il,openprovider,USD,130
co.im,openprovider,USD,0
co.in,openprovider,USD,7.59
co.it,openprovider,USD,18.72
co.je,openprovider,USD,222.98
co.ke,openprovider,USD,166.65
co.kr,openprovider,USD,60
co.lc,openprovider,USD,29
co.ma,openprovider,USD,230
co.mg,openprovider,USD,234.13
co.ms,openprovider,USD,129
co.mu,openprovider,USD,62
co.mw,openprovider,USD,199.51
co.mz,openprovider,USD,0
co.nl,openprovider,USD,19.89
co.no,openprovider,USD,0
co.nz,openprovider,USD,0
co.om,openprovider,USD,173.69
co.pn,openprovider,USD,146.7
co.ro,openprovider,USD,0
co.rw,openprovider,USD,107.97
co.tz,openprovider,USD,0
co.uk,openprovider,USD,0
co.ve,openprovider,USD,98
co.za,openprovider,USD,0
co.zw,openprovider,USD,61.03
coach,openprovider,USD,81.98
codes,openprovider,USD,81
coffee,openprovider,USD,55.9
college,openprovider,USD,95
cologne,openprovider,USD,35.18
com,openprovider,USD,11.98
com.af,openprovider,USD,66.8
com.ag,openprovider,USD,100
com.ai,openprovider,USD,109
com.al,openprovider,USD,75
com.au,openprovider,USD,0
com.bd,openprovider,USD,200
com.bh,openprovider,USD,330
com.bi,openprovider,USD,91.54
com.bj,openprovider,USD,0
com.bo,openprovider,USD,199
com.br,openprovider,USD,0
com.bz,openprovider,USD,70
com.ci,openprovider,USD,150
com.cm,openprovider,USD,0
com.cn,openprovider,USD,36
com.co,openprovider,USD,19.8
com.cv,openprovider,USD,328.6
com.de,openprovider,USD,17.55
com.ec,openprovider,USD,49.95
com.ee,openprovider,USD,0
com.eg,openprovider,USD,352.08
com.es,openprovider,USD,0
com.et,openprovider,USD,387.28
com.ge,openprovider,USD,140.83
com.gh,openprovider,USD,0
com.gi,openprovider,USD,166.65
com.gl,openprovider,USD,87.93
com.gr,openprovider,USD,0
com.gt,openprovider,USD,0
com.gy,openprovider,USD,151
com.hk,openprovider,USD,0
com.hn,openprovider,USD,87
com.ht,openprovider,USD,57
com.im,openprovider,USD,0
com.in,openprovider,USD,7.59
com.ki,openprovider,USD,87.59
com.ky,openprovider,USD,93.61
com.kz,openprovider,USD,43
com.lc,openprovider,USD,29
com.lk,openprovider,USD,0
com.lv,openprovider,USD,14.08
com.ly,openprovider,USD,121
com.mg,openprovider,USD,147.87
com.mk,openprovider,USD,0
com.ms,openprovider,USD,129
com.mt,openprovider,USD,58.67
com.mu,openprovider,USD,62
com.mw,openprovider,USD,199.51
com.mx,openprovider,USD,35.98
com.nf,openprovider,USD,0
com.ng,nira,NGN,6000
com.ng,nira,USD,4.51
com.om,openprovider,USD,173.69
com.pa,openprovider,USD,150
com.pe,openprovider,USD,110
com.ph,openprovider,USD,29.98
com.pk,openprovider,USD,85.5
com.pl,openprovider,USD,0
com.ps,openprovider,USD,65
com.pt,openprovider,USD,0
com.py,openprovider,USD,180
com.ro,openprovider,USD,17.58
com.sb,openprovider,USD,113.91
com.sc,openprovider,USD,160
com.se,openprovider,USD,25.76
com.sg,openprovider,USD,80
com.so,openprovider,USD,0
com.ss,openprovider,USD,169
com.tl,openprovider,USD,70.42
com.tn,openprovider,USD,218.29
com.tw,openprovider,USD,63.99
com.ua,openprovider,USD,40.48
com.ug,openprovider,USD,0
com.uy,openprovider,USD,180
com.vc,openprovider,USD,51
com.ve,openprovider,USD,49
com.vn,openprovider,USD,0
com.vu,openprovider,USD,97
community,openprovider,USD,58.98
como.it,openprovider,USD,18.72
company,openprovider,USD,26.5
compare,openprovider,USD,35.98
computer,openprovider,USD,51
condos,openprovider,USD,62
conf.lv,openprovider,USD,14.08
construction,openprovider,USD,51
consulting,openprovider,USD,56.9
contact,openprovider,USD,28
contractors,openprovider,USD,42
cooking,openprovider,USD,35.98
cool,openprovider,USD,59
coop,openprovider,USD,180
coop.in,openprovider,USD,7.59
corsica,openprovider,USD,58.68
cosenza.it,openprovider,USD,18.72
country,openprovider,USD,2200
coupons,openprovider,USD,60
courses,openprovider,USD,39.98
cpa.pro,openprovider,USD,226
cq.cn,openprovider,USD,33.26
cr.it,openprovider,USD,18.72
credit,openprovider,USD,114
creditcard,openprovider,USD,135.5
creditunion,openprovider,USD,126
cremona.it,openprovider,USD,18.72
cricket,openprovider,USD,38
crotone.it,openprovider,USD,18.72
cruises,openprovider,USD,62
cs.in,openprovider,USD,7.59
cs.it,openprovider,USD,18.72
ct.it,openprovider,USD,18.72
cue.ec,openprovider,USD,39.95
cuneo.it,openprovider,USD,18.72
cv,openprovider,USD,328.6
cx,openprovider,USD,38
cymru,openprovider,USD,26.34
cyou,openprovider,USD,25.98
cz,openprovider,USD,0
cz.it,openprovider,USD,18.72
czeladz.pl,openprovider,USD,0
czest.pl,openprovider,USD,0
dad,openprovider,USD,12
dance,openprovider,USD,35
date,openprovider,USD,33
dating,openprovider,USD,71
day,openprovider,USD,14.98
de,openprovider,USD,5.46
de.com,openprovider,USD,32.8
de.pr,openprovider,USD,294
dealer,openprovider,USD,2400
deals,openprovider,USD,51
degree,openprovider,USD,54.9
delhi.in,openprovider,USD,7.59
delivery,openprovider,USD,74
dell-ogliastra.it,openprovider,USD,18.72
dellogliastra.it,openprovider,USD,18.72
democrat,openprovider,USD,28
dental,openprovider,USD,81
dentist,openprovider,USD,66
desi,openprovider,USD,24.36
design,openprovider,USD,50.98
dev,openprovider,USD,23.98
diamonds,openprovider,USD,55
diet,openprovider,USD,200.36
digital,openprovider,USD,48
direct,openprovider,USD,51
directory,openprovider,USD,30.99
disco.ec,openprovider,USD,39.95
discount,openprovider,USD,39
diy,openprovider,USD,45
dj,openprovider,USD,117.36
dk,openprovider,USD,0
dlugoleka.pl,openprovider,USD,0
doc.ec,openprovider,USD,39.95
doctor,openprovider,USD,128
dog,openprovider,USD,71
domains,openprovider,USD,59
download,openprovider,USD,33
dr.in,openprovider,USD,7.59
durban,openprovider,USD,20.76
earth,openprovider,USD,30.36
ebiz.tw,openprovider,USD,63.99
ec,openprovider,USD,49.95
eco,openprovider,USD,100.36
eco.bj,openprovider,USD,51.64
edu.bh,openprovider,USD,330
edu.bi,openprovider,USD,91.54
edu.es,openprovider,USD,0
edu.gh,openprovider,USD,0
edu.gl,openprovider,USD,87.93
edu.gr,openprovider,USD,0
edu.hn,openprovider,USD,111.49
edu.lk,openprovider,USD,0
edu.lv,openprovider,USD,14.08
edu.mk,openprovider,USD,0
edu.mu,openprovider,USD,62
edu.mx,openprovider,USD,70
edu.ng,nira,NGN,6000
edu.ng,openprovider,USD,0
edu.pl,openprovider,USD,0
edu.vn,openprovider,USD,0
edu.vu,openprovider,USD,135
education,openprovider,USD,43
elblag.pl,openprovider,USD,0
elk.pl,openprovider,USD,0
email,openprovider,USD,38
emilia-romagna.it,openprovider,USD,18.72
emiliaromagna.it,openprovider,USD,18.72
emp.br,openprovider,USD,0
emr.it,openprovider,USD,18.72
en.it,openprovider,USD,18.72
energy,openprovider,USD,128
eng.pro,openprovider,USD,226
engineer,openprovider,USD,52
engineering,openprovider,USD,74
enna.it,openprovider,USD,18.72
enterprises,openprovider,USD,48
equipment,openprovider,USD,32
er.in,openprovider,USD,7.59
es,openprovider,USD,0
esp.br,openprovider,USD,0
esq,openprovider,USD,24
estate,openprovider,USD,52
et,openprovider,USD,663.08
eu,openprovider,USD,14.06
eu.com,openprovider,USD,32.8
eu.pr,openprovider,USD,294
eus,openprovider,USD,79.52
events,openprovider,USD,70
exchange,openprovider,USD,51
expert,openprovider,USD,65
exposed,openprovider,USD,34
express,openprovider,USD,51
fail,openprovider,USD,54.98
faith,openprovider,USD,33
family,openprovider,USD,57
fan,openprovider,USD,60
fans,openprovider,USD,34
far.br,openprovider,USD,0
farm,openprovider,USD,51
fashion,openprovider,USD,35.98
fc.it,openprovider,USD,18.72
fe.it,openprovider,USD,18.72
feedback,openprovider,USD,40.36
fermo.it,openprovider,USD,18.72
ferrara.it,openprovider,USD,18.72
fg.it,openprovider,USD,18.72
fi,openprovider,USD,26.98
fi.it,openprovider,USD,18.72
fie.ee,openprovider,USD,0
film,openprovider,USD,120.36
fin.ec,openprovider,USD,48
finance,openprovider,USD,71
financial,openprovider,USD,62
firenze.it,openprovider,USD,18.72
firm.in,openprovider,USD,7.59
firm.ro,openprovider,USD,17.58
fish,openprovider,USD,53
fishing,openprovider,USD,35.98
fit,openprovider,USD,35.98
fitness,openprovider,USD,48
fj.cn,openprovider,USD,33.26
flights,openprovider,USD,63
florence.it,openprovider,USD,18.72
floripa.br,openprovider,USD,0
florist,openprovider,USD,38
flowers,openprovider,USD,200.36
fm,openprovider,USD,158.98
fm.it,openprovider,USD,18.72
fo,openprovider,USD,67.52
foggia.it,openprovider,USD,18.72
foo,openprovider,USD,12
food,openprovider,USD,45
football,openprovider,USD,29.98
forex,openprovider,USD,124
forli-cesena.it,openprovider,USD,18.72
forlicesena.it,openprovider,USD,18.72
forsale,openprovider,USD,43
forum,openprovider,USD,50
fot.ec,openprovider,USD,39.95
foundation,openprovider,USD,43.36
fr,openprovider,USD,8.16
fr.it,openprovider,USD,18.72
fr.pr,openprovider,USD,294
friuli-v-giulia.it,openprovider,USD,18.72
friuli-ve-giulia.it,openprovider,USD,18.72
friuli-vegiulia.it,openprovider,USD,18.72
friuli-venezia-giulia.it,openprovider,USD,18.72
friuli-veneziagiulia.it,openprovider,USD,18.72
friuli-vgiulia.it,openprovider,USD,18.72
friuliv-giulia.it,openprovider,USD,18.72
friulive-giulia.it,openprovider,USD,18.72
friulivegiulia.it,openprovider,USD,18.72
friulivenezia-giulia.it,openprovider,USD,18.72
friuliveneziagiulia.it,openprovider,USD,18.72
friulivgiulia.it,openprovider,USD,18.72
frl,openprovider,USD,59.03
frosinone.it,openprovider,USD,18.72
fun,openprovider,USD,37.98
fund,openprovider,USD,75.99
furniture,openprovider,USD,104
futbol,openprovider,USD,20
fvg.it,openprovider,USD,18.72
fyi,openprovider,USD,18
ga,openprovider,USD,0
gal,openprovider,USD,84.85
gal.ec,openprovider,USD,39.95
gallery,openprovider,USD,38
game,openprovider,USD,600.36
game.tw,openprovider,USD,63.99
games,openprovider,USD,42.98
garden,openprovider,USD,35.98
gay,openprovider,USD,39.98
gb.com,openprovider,USD,55.32
gb.net,openprovider,USD,33.12
gd,openprovider,USD,63.2
gd.cn,openprovider,USD,33.26
gdn,openprovider,USD,11.99
ge,openprovider,USD,140.83
ge.it,openprovider,USD,18.72
geek.nz,openprovider,USD,0
gen.in,openprovider,USD,7.59
gen.nz,openprovider,USD,0
genoa.it,openprovider,USD,18.72
genova.it,openprovider,USD,18.72
gent,openprovider,USD,50.45
gf,openprovider,USD,105.62
gg,openprovider,USD,193.64
gi,openprovider,USD,166.65
gift,openprovider,USD,19.98
gifts,openprovider,USD,44
gives,openprovider,USD,43.36
giving,openprovider,USD,26
gl,openprovider,USD,87.93
glass,openprovider,USD,82
global,openprovider,USD,124
glogow.pl,openprovider,USD,0
gmbh,openprovider,USD,59.98
gmina.pl,openprovider,USD,0
gniezno.pl,openprovider,USD,0
go.it,openprovider,USD,18.72
go.ke,openprovider,USD,215.94
go.tz,openprovider,USD,0
gob.es,openprovider,USD,0
gob.mx,openprovider,USD,70
gold,openprovider,USD,108
golf,openprovider,USD,71
gorizia.it,openprovider,USD,18.72
gorlice.pl,openprovider,USD,0
gov.gh,openprovider,USD,0
gov.vn,openprovider,USD,0
gq,openprovider,USD,88.02
gr,openprovider,USD,0
gr.com,openprovider,USD,30.45
gr.it,openprovider,USD,18.72
grajewo.pl,openprovider,USD,0
graphics,openprovider,USD,26.99
gratis,openprovider,USD,29.99
green,openprovider,USD,69
gripe,openprovider,USD,19
grosseto.it,openprovider,USD,18.72
group,openprovider,USD,29.98
gs,openprovider,USD,48.95
gs.cn,openprovider,USD,33.26
gsm.pl,openprovider,USD,0
gt,openprovider,USD,0
guide,openprovider,USD,48
guitars,openprovider,USD,200.36
gujarat.in,openprovider,USD,7.59
guru,openprovider,USD,53
gw,openprovider,USD,29.34
gx.cn,openprovider,USD,33.26
gy,openprovider,USD,151
gye.ec,openprovider,USD,39.95
gz.cn,openprovider,USD,33.26
ha.cn,openprovider,USD,33.26
hair,openprovider,USD,22.1
hamburg,openprovider,USD,77.81
haus,openprovider,USD,45
hb.cn,openprovider,USD,33.26
he.cn,openprovider,USD,33.26
health,openprovider,USD,109.98
health.vn,openprovider,USD,0
healthcare,openprovider,USD,95
help,openprovider,USD,35.98
hi.cn,openprovider,USD,33.26
hiphop,openprovider,USD,35
hiv,openprovider,USD,358.36
hk,openprovider,USD,0
hk.cn,openprovider,USD,33.26
hl.cn,openprovider,USD,33.26
hn,openprovider,USD,0
hn.cn,openprovider,USD,33.26
hockey,openprovider,USD,64
holdings,openprovider,USD,71
holiday,openprovider,USD,65
homes,openprovider,USD,22.1
horse,openprovider,USD,35.98
hospital,openprovider,USD,68
host,openprovider,USD,109.98
hosting,openprovider,USD,600.36
hotel.tz,openprovider,USD,0
house,openprovider,USD,53
how,openprovider,USD,40.36
ht,openprovider,USD,180.5
hu,openprovider,USD,140.83
hu.com,openprovider,USD,53.98
hu.net,openprovider,USD,53.98
i.ng,nira,NGN,6000
i.ng,openprovider,USD,0
icu,openprovider,USD,25.98
id.au,openprovider,USD,0
id.lv,openprovider,USD,14.08
idv.hk,openprovider,USD,0
idv.tw,openprovider,USD,63.99
ie,openprovider,USD,58.67
iglesias-carbonia.it,openprovider,USD,18.72
iglesiascarbonia.it,openprovider,USD,18.72
ilawa.pl,openprovider,USD,0
im,openprovider,USD,0
im.it,openprovider,USD,18.72
immo,openprovider,USD,43
immobilien,openprovider,USD,44
imperia.it,openprovider,USD,18.72
in,openprovider,USD,7.59
in.net,openprovider,USD,21.95
inc,openprovider,USD,4000.36
ind.br,openprovider,USD,0
ind.gt,openprovider,USD,0
ind.in,openprovider,USD,7.59
industries,openprovider,USD,55.5
inf.mk,openprovider,USD,0
info,openprovider,USD,26.98
info.au,openprovider,USD,0
info.bh,openprovider,USD,330
info.bi,openprovider,USD,122.05
info.bj,openprovider,USD,51.64
info.ec,openprovider,USD,49.95
info.ht,openprovider,USD,57
info.in,openprovider,USD,7.59
info.ke,openprovider,USD,166.65
info.pl,openprovider,USD,0
info.ro,openprovider,USD,17.58
info.tz,openprovider,USD,0
info.vn,openprovider,USD,0
ing,openprovider,USD,12
ink,openprovider,USD,44.98
institute,openprovider,USD,35
insurance,openprovider,USD,1567.9
insure,openprovider,USD,75
int.in,openprovider,USD,7.59
int.vn,openprovider,USD,0
international,openprovider,USD,39
internet.in,openprovider,USD,7.59
investments,openprovider,USD,136
io,openprovider,USD,74.98
io.in,openprovider,USD,7.59
iq,openprovider,USD,412
irish,openprovider,USD,34
is.it,openprovider,USD,18.72
isernia.it,openprovider,USD,18.72
ist,openprovider,USD,24.36
istanbul,openprovider,USD,30.36
it,openprovider,USD,18.77
it.ao,openprovider,USD,332.12
it.com,openprovider,USD,31.9
it.pr,openprovider,USD,294
jampa.br,openprovider,USD,0
jaworzno.pl,openprovider,USD,0
je,openprovider,USD,222.98
jelenia-gora.pl,openprovider,USD,0
jetzt,openprovider,USD,30
jewelry,openprovider,USD,71
jgora.pl,openprovider,USD,0
jl.cn,openprovider,USD,33.26
jobs,openprovider,USD,199
joburg,openprovider,USD,20.76
jp,openprovider,USD,0
jp.net,openprovider,USD,21.95
jpn.com,openprovider,USD,60
js.cn,openprovider,USD,33.26
juegos,openprovider,USD,600.36
jur.pro,openprovider,USD,270.36
jx.cn,openprovider,USD,33.26
k12.ec,openprovider,USD,39.95
kalisz.pl,openprovider,USD,0
karpacz.pl,openprovider,USD,0
kartuzy.pl,openprovider,USD,0
kaszuby.pl,openprovider,USD,0
katowice.pl,openprovider,USD,0
kaufen,openprovider,USD,49
kazimierz-dolny.pl,openprovider,USD,0
ke,openprovider,USD,39
kepno.pl,openprovider,USD,0
ketrzyn.pl,openprovider,USD,0
ki,openprovider,USD,145.98
kids,openprovider,USD,25
kiev.ua,openprovider,USD,14.07
kim,openprovider,USD,21
kitchen,openprovider,USD,71
kiwi,openprovider,USD,29.58
kiwi.nz,openprovider,USD,0
klodzko.pl,openprovider,USD,0
kobierzyce.pl,openprovider,USD,0
koeln,openprovider,USD,35.18
kolobrzeg.pl,openprovider,USD,0
konin.pl,openprovider,USD,0
konskowola.pl,openprovider,USD,0
kr,openprovider,USD,60
kr.com,openprovider,USD,35
kr.it,openprovider,USD,18.72
krd,openprovider,USD,100.36
kutno.pl,openprovider,USD,0
ky,openprovider,USD,93.61
kyiv.ua,openprovider,USD,14.07
kyoto,openprovider,USD,73
l.lc,openprovider,USD,29
la,openprovider,USD,52.5
la-spezia.it,openprovider,USD,18.72
land,openprovider,USD,48
lapy.pl,openprovider,USD,0
laquila.it,openprovider,USD,18.72
laspezia.it,openprovider,USD,18.72
lat,openprovider,USD,45.98
latina.it,openprovider,USD,18.72
law,openprovider,USD,159.98
law.pro,openprovider,USD,222
lawyer,openprovider,USD,68
laz.it,openprovider,USD,18.72
lazio.it,openprovider,USD,18.72
lc,openprovider,USD,37
lc.it,openprovider,USD,18.72
le.it,openprovider,USD,18.72
lease,openprovider,USD,80
lebork.pl,openprovider,USD,0
lecce.it,openprovider,USD,18.72
lecco.it,openprovider,USD,18.72
legal,openprovider,USD,75.99
legnica.pl,openprovider,USD,0
lezajsk.pl,openprovider,USD,0
lgbt,openprovider,USD,75
li,openprovider,USD,0
li.it,openprovider,USD,18.72
life,openprovider,USD,47
lifestyle,openprovider,USD,45
lig.it,openprovider,USD,18.72
lighting,openprovider,USD,26.99
liguria.it,openprovider,USD,18.72
limanowa.pl,openprovider,USD,0
limited,openprovider,USD,44
limo,openprovider,USD,59
link,openprovider,USD,18
live,openprovider,USD,43
living,openprovider,USD,45
livorno.it,openprovider,USD,18.72
lk,openprovider,USD,0
llc,openprovider,USD,49
ln.cn,openprovider,USD,33.26
lo.it,openprovider,USD,18.72
loan,openprovider,USD,33
loans,openprovider,USD,119
lodi.it,openprovider,USD,18.72
loj.ec,openprovider,USD,39.95
lol,openprovider,USD,45.98
lom.it,openprovider,USD,18.72
lombardia.it,openprovider,USD,18.72
lombardy.it,openprovider,USD,18.72
lomza.pl,openprovider,USD,0
london,openprovider,USD,55.87
lotto,openprovider,USD,1941
love,openprovider,USD,40.36
lowicz.pl,openprovider,USD,0
ls,openprovider,USD,123.39
lt,openprovider,USD,0
lt.it,openprovider,USD,18.72
ltd,openprovider,USD,44
ltd.gi,openprovider,USD,166.65
ltd.uk,openprovider,USD,0
ltda,openprovider,USD,56.36
lu,openprovider,USD,35.15
lu.it,openprovider,USD,18.72
lubin.pl,openprovider,USD,0
lucania.it,openprovider,USD,18.72
lucca.it,openprovider,USD,18.72
lukow.pl,openprovider,USD,0
luxe,openprovider,USD,19.98
luxury,openprovider,USD,50.36
lv,openprovider,USD,0
ma,openprovider,USD,269.92
macapa.br,openprovider,USD,0
macerata.it,openprovider,USD,18.72
madrid,openprovider,USD,58.68
mail.pl,openprovider,USD,0
maison,openprovider,USD,57
makeup,openprovider,USD,22.1
malbork.pl,openprovider,USD,0
malopolska.pl,openprovider,USD,0
management,openprovider,USD,29.98
mantova.it,openprovider,USD,18.72
maori.nz,openprovider,USD,0
mar.it,openprovider,USD,18.72
marche.it,openprovider,USD,18.72
market,openprovider,USD,53.5
marketing,openprovider,USD,48
markets,openprovider,USD,30
massa-carrara.it,openprovider,USD,18.72
massacarrara.it,openprovider,USD,18.72
matera.it,openprovider,USD,18.72
mazowsze.pl,openprovider,USD,0
mazury.pl,openprovider,USD,0
mb.it,openprovider,USD,18.72
mba,openprovider,USD,51
mc.it,openprovider,USD,18.72
me,openprovider,USD,21.11
me.bh,openprovider,USD,330
me.in,openprovider,USD,7.59
me.it,openprovider,USD,18.72
me.ke,openprovider,USD,59
me.ss,openprovider,USD,176.04
me.tz,openprovider,USD,0
me.uk,openprovider,USD,0
med.ec,openprovider,USD,70
med.ee,openprovider,USD,0
med.pro,openprovider,USD,222
media,openprovider,USD,55.5
media.pl,openprovider,USD,0
medio-campidano.it,openprovider,USD,18.72
mediocampidano.it,openprovider,USD,18.72
melbourne,openprovider,USD,72.99
meme,openprovider,USD,12
memorial,openprovider,USD,113.5
men,openprovider,USD,33
menu,openprovider,USD,50.36
messina.it,openprovider,USD,18.72
mex.com,openprovider,USD,25.95
mg,openprovider,USD,147.87
mi.it,openprovider,USD,18.72
miami,openprovider,USD,24.98
miasta.pl,openprovider,USD,0
mielec.pl,openprovider,USD,0
mielno.pl,openprovider,USD,0
mil.pl,openprovider,USD,0
mil.tz,openprovider,USD,0
milan.it,openprovider,USD,18.72
milano.it,openprovider,USD,18.72
mk,openprovider,USD,0
mn,openprovider,USD,82.99
mn.it,openprovider,USD,18.72
mo.bi,openprovider,USD,122.05
mo.cn,openprovider,USD,33.26
mo.it,openprovider,USD,18.72
mobi,openprovider,USD,59.98
mobi.ke,openprovider,USD,59
mobi.tz,openprovider,USD,0
moda,openprovider,USD,47
modena.it,openprovider,USD,18.72
moe,openprovider,USD,24.36
mol.it,openprovider,USD,18.72
molise.it,openprovider,USD,18.72
mom,openprovider,USD,50.36
money,openprovider,USD,33
monster,openprovider,USD,22.1
monza-brianza.it,openprovider,USD,18.72
monza-e-della-brianza.it,openprovider,USD,18.72
monza.it,openprovider,USD,18.72
monzabrianza.it,openprovider,USD,18.72
monzaebrianza.it,openprovider,USD,18.72
monzaedellabrianza.it,openprovider,USD,18.72
mortgage,openprovider,USD,68
moscow,openprovider,USD,17.6
motorcycles,openprovider,USD,22.1
mov,openprovider,USD,12
movie,openprovider,USD,325
mq,openprovider,USD,105.62
mr,openprovider,USD,52
mragowo.pl,openprovider,USD,0
ms,openprovider,USD,129
ms.it,openprovider,USD,18.72
mt,openprovider,USD,232.37
mt.it,openprovider,USD,18.72
mu,openprovider,USD,150
museum,openprovider,USD,117.12
music,openprovider,USD,45
mx,openprovider,USD,48.98
na.it,openprovider,USD,18.72
nagoya,openprovider,USD,13.46
naklo.pl,openprovider,USD,0
name,openprovider,USD,20
name.bh,openprovider,USD,330
name.ng,nira,NGN,400
name.ng,nira,USD,0.3
name.vn,openprovider,USD,0
naples.it,openprovider,USD,18.72
napoli.it,openprovider,USD,18.72
navy,openprovider,USD,95
ne.ke,openprovider,USD,166.65
ne.kr,openprovider,USD,60
ne.tz,openprovider,USD,0
net,openprovider,USD,19.99
net.af,openprovider,USD,66.8
net.ag,openprovider,USD,100
net.ai,openprovider,USD,109
net.al,openprovider,USD,75
net.ar,openprovider,USD,0
net.au,openprovider,USD,0
net.bd,openprovider,USD,126
net.bh,openprovider,USD,330
net.bj,openprovider,USD,51.64
net.bo,openprovider,USD,50
net.br,openprovider,USD,0
net.bw,openprovider,USD,0
net.bz,openprovider,USD,70
net.cm,openprovider,USD,99
net.cn,openprovider,USD,33.26
net.co,openprovider,USD,19.8
net.ec,openprovider,USD,49.95
net.ge,openprovider,USD,140.83
net.gg,openprovider,USD,193.64
net.gl,openprovider,USD,87.93
net.gr,openprovider,USD,0
net.gt,openprovider,USD,0
net.gy,openprovider,USD,151
net.hk,openprovider,USD,0
net.hn,openprovider,USD,122
net.ht,openprovider,USD,57
net.im,openprovider,USD,0
net.in,openprovider,USD,7.59
net.je,openprovider,USD,222.98
net.ki,openprovider,USD,81.75
net.ky,openprovider,USD,93.61
net.lc,openprovider,USD,29
net.lv,openprovider,USD,14.08
net.ma,openprovider,USD,141
net.mg,openprovider,USD,234.13
net.mk,openprovider,USD,0
net.mt,openprovider,USD,58.67
net.mu,openprovider,USD,62
net.mx,openprovider,USD,35.98
net.mz,openprovider,USD,0
net.nf,openprovider,USD,0
net.ng,nira,NGN,6000
net.ng,nira,USD,4.51
net.nz,openprovider,USD,0
net.om,openprovider,USD,173.69
net.pe,openprovider,USD,110
net.ph,openprovider,USD,29.98
net.pk,openprovider,USD,56
net.pl,openprovider,USD,0
net.pn,openprovider,USD,232.37
net.ps,openprovider,USD,65
net.rw,openprovider,USD,56.33
net.sb,openprovider,USD,113.91
net.sc,openprovider,USD,160
net.sg,openprovider,USD,0
net.so,openprovider,USD,0
net.ss,openprovider,USD,176.04
net.tt,openprovider,USD,78.66
net.tw,openprovider,USD,61.03
net.vc,openprovider,USD,51
net.vn,openprovider,USD,0
net.vu,openprovider,USD,135
net.za,openprovider,USD,0
network,openprovider,USD,43
new,openprovider,USD,800.36
news,openprovider,USD,41
nexus,openprovider,USD,12
nf,openprovider,USD,137
ng,nira,NGN,13000
ng,nira,USD,9.77
ngo,openprovider,USD,30
nieruchomosci.pl,openprovider,USD,0
ninja,openprovider,USD,34
nl,openprovider,USD,0
nl.pr,openprovider,USD,294
nlm,openprovider,USD,1.98
nm.cn,openprovider,USD,33.26
no,openprovider,USD,27.28
no.com,openprovider,USD,53.98
no.it,openprovider,USD,18.72
nom.ag,openprovider,USD,100
nom.co,openprovider,USD,19.8
nom.es,openprovider,USD,0
nom.fr,openprovider,USD,58.68
nom.mu,openprovider,USD,62
nom.pe,openprovider,USD,232.37
nom.pl,openprovider,USD,0
nom.ro,openprovider,USD,17.58
novara.it,openprovider,USD,18.72
nowaruda.pl,openprovider,USD,0
nowruz,openprovider,USD,40
nrw,openprovider,USD,82.14
nt.ro,openprovider,USD,17.58
nu,openprovider,USD,0
nu.it,openprovider,USD,18.72
nuoro.it,openprovider,USD,18.72
nx.cn,openprovider,USD,33.26
nyc,openprovider,USD,45.98
nysa.pl,openprovider,USD,0
nz,openprovider,USD,0
observer,openprovider,USD,23
off.ai,openprovider,USD,109
og.it,openprovider,USD,18.72
ogliastra.it,openprovider,USD,18.72
okinawa,openprovider,USD,13.46
olawa.pl,openprovider,USD,0
olbia-tempio.it,openprovider,USD,18.72
olbiatempio.it,openprovider,USD,18.72
olecko.pl,openprovider,USD,0
olkusz.pl,openprovider,USD,0
olsztyn.pl,openprovider,USD,0
one,openprovider,USD,35.99
ong,openprovider,USD,30
onl,openprovider,USD,29.98
online,openprovider,USD,29.98
ooo,openprovider,USD,40.34
opoczno.pl,openprovider,USD,0
opole.pl,openprovider,USD,0
or.at,openprovider,USD,0
or.bi,openprovider,USD,91.54
or.it,openprovider,USD,18.72
or.ke,openprovider,USD,43
or.kr,openprovider,USD,60
or.mu,openprovider,USD,62
or.tz,openprovider,USD,0
org,openprovider,USD,19.99
org.af,openprovider,USD,66.8
org.ag,openprovider,USD,100
org.ai,openprovider,USD,109
org.al,openprovider,USD,75
org.au,openprovider,USD,0
org.bh,openprovider,USD,330
org.bi,openprovider,USD,91.54
org.bj,openprovider,USD,51.64
org.bo,openprovider,USD,74
org.br,openprovider,USD,0
org.bw,openprovider,USD,0
org.cn,openprovider,USD,33.26
org.es,openprovider,USD,0
org.ge,openprovider,USD,140.83
org.gg,openprovider,USD,193.64
org.gh,openprovider,USD,0
org.gi,openprovider,USD,166.65
org.gl,openprovider,USD,87.93
org.gr,openprovider,USD,0
org.gt,openprovider,USD,0
org.hk,openprovider,USD,0
org.hn,openprovider,USD,122
org.ht,openprovider,USD,57
org.il,openprovider,USD,130
org.im,openprovider,USD,0
org.in,openprovider,USD,7.59
org.je,openprovider,USD,222.98
org.ki,openprovider,USD,81.75
org.ky,openprovider,USD,93.61
org.kz,openprovider,USD,60
org.lc,openprovider,USD,29
org.lk,openprovider,USD,0
org.lv,openprovider,USD,14.08
org.ma,openprovider,USD,230
org.mg,openprovider,USD,147.87
org.mk,openprovider,USD,0
org.ms,openprovider,USD,129
org.mt,openprovider,USD,24.63
org.mu,openprovider,USD,62
org.mx,openprovider,USD,35.98
org.mz,openprovider,USD,0
org.nf,openprovider,USD,0
org.ng,nira,NGN,6000
org.ng,nira,USD,4.51
org.nz,openprovider,USD,0
org.om,openprovider,USD,173.69
org.pe,openprovider,USD,110
org.ph,openprovider,USD,29.98
org.pk,openprovider,USD,85.5
org.pl,openprovider,USD,0
org.pn,openprovider,USD,232.37
org.ps,openprovider,USD,65
org.pt,openprovider,USD,0
org.ro,openprovider,USD,17.58
org.rs,openprovider,USD,120
org.rw,openprovider,USD,107.97
org.sb,openprovider,USD,113.91
org.sc,openprovider,USD,160
org.sg,openprovider,USD,75.56
org.so,openprovider,USD,0
org.tt,openprovider,USD,78.66
org.tw,openprovider,USD,63.99
org.ua,openprovider,USD,30
org.uk,openprovider,USD,0
org.uz,openprovider,USD,0
org.vc,openprovider,USD,51
org.vn,openprovider,USD,0
org.vu,openprovider,USD,97
org.za,openprovider,USD,0
org.zw,openprovider,USD,91.54
organic,openprovider,USD,79
oristano.it,openprovider,USD,18.72
osaka,openprovider,USD,50.36
ostroda.pl,openprovider,USD,0
ostroleka.pl,openprovider,USD,0
ostrowiec.pl,openprovider,USD,0
ostrowwlkp.pl,openprovider,USD,0
ot.it,openprovider,USD,18.72
p.lc,openprovider,USD,29
pa,openprovider,USD,43
pa.it,openprovider,USD,18.72
padova.it,openprovider,USD,18.72
padua.it,openprovider,USD,18.72
page,openprovider,USD,21.98
palermo.it,openprovider,USD,18.72
paris,openprovider,USD,78.61
parma.it,openprovider,USD,18.72
partners,openprovider,USD,75.99
parts,openprovider,USD,48
party,openprovider,USD,33
pavia.it,openprovider,USD,18.72
pc.it,openprovider,USD,18.72
pc.pl,openprovider,USD,0
pd.it,openprovider,USD,18.72
pe,openprovider,USD,105
pe.it,openprovider,USD,18.72
pe.kr,openprovider,USD,60
perugia.it,openprovider,USD,18.72
pesaro-urbino.it,openprovider,USD,18.72
pesarourbino.it,openprovider,USD,18.72
pescara.it,openprovider,USD,18.72
pet,openprovider,USD,24
pg.in,openprovider,USD,7.59
pg.it,openprovider,USD,18.72
ph,openprovider,USD,29.98
phd,openprovider,USD,24
photo,openprovider,USD,45.36
photography,openprovider,USD,44
photos,openprovider,USD,38
physio,openprovider,USD,120.36
pi.it,openprovider,USD,18.72
piacenza.it,openprovider,USD,18.72
pics,openprovider,USD,45.98
pictures,openprovider,USD,28
piedmont.it,openprovider,USD,18.72
piemonte.it,openprovider,USD,18.72
pila.pl,openprovider,USD,0
pink,openprovider,USD,26.5
pisa.it,openprovider,USD,18.72
pistoia.it,openprovider,USD,18.72
pisz.pl,openprovider,USD,0
pizza,openprovider,USD,71
pk,openprovider,USD,88
pl,openprovider,USD,0
place,openprovider,USD,34
plumbing,openprovider,USD,75
plus,openprovider,USD,63.98
pm,openprovider,USD,8.16
pmn.it,openprovider,USD,18.72
pn,openprovider,USD,205.38
pn.it,openprovider,USD,18.72
po.it,openprovider,USD,18.72
poa.br,openprovider,USD,0
podhale.pl,openprovider,USD,0
podlasie.pl,openprovider,USD,0
poker,openprovider,USD,53.01
polkowice.pl,openprovider,USD,0
pomorskie.pl,openprovider,USD,0
pomorze.pl,openprovider,USD,0
pordenone.it,openprovider,USD,18.72
porn,openprovider,USD,170.98
post.in,openprovider,USD,7.59
potenza.it,openprovider,USD,18.72
powiat.pl,openprovider,USD,0
pr.it,openprovider,USD,18.72
prato.it,openprovider,USD,18.72
prd.fr,openprovider,USD,58.68
premium.ng,nira,NGN,150000
premium.ng,nira,USD,112.73
press,openprovider,USD,79.98
presse.fr,openprovider,USD,58.68
pri.ee,openprovider,USD,0
priv.no,openprovider,USD,0
priv.pl,openprovider,USD,0
pro,openprovider,USD,26.98
pro.ec,openprovider,USD,39.95
pro.in,openprovider,USD,7.59
pro.vn,openprovider,USD,0
prochowice.pl,openprovider,USD,0
productions,openprovider,USD,47
prof,openprovider,USD,24
promo,openprovider,USD,26.98
properties,openprovider,USD,51
property,openprovider,USD,200.36
protection,openprovider,USD,4000.36
pruszkow.pl,openprovider,USD,0
przeworsk.pl,openprovider,USD,0
ps,openprovider,USD,65
pt,openprovider,USD,0
pt.it,openprovider,USD,18.72
pu.it,openprovider,USD,18.72
pub,openprovider,USD,49
pub.ec,openprovider,USD,39.95
pug.it,openprovider,USD,18.72
puglia.it,openprovider,USD,18.72
pulawy.pl,openprovider,USD,0
pv.it,openprovider,USD,18.72
pw,openprovider,USD,24.98
pz.it,openprovider,USD,18.72
qc.com,openprovider,USD,33
qh.cn,openprovider,USD,33.26
qpon,openprovider,USD,25
quebec,openprovider,USD,50.36
quest,openprovider,USD,22.1
ra.it,openprovider,USD,18.72
racing,openprovider,USD,33
radio,openprovider,USD,469.86
radio.am,openprovider,USD,23
radio.fm,openprovider,USD,23
radom.pl,openprovider,USD,0
ragusa.it,openprovider,USD,18.72
ravenna.it,openprovider,USD,18.72
rawa-maz.pl,openprovider,USD,0
rc.it,openprovider,USD,18.72
re,openprovider,USD,8.16
re.it,openprovider,USD,18.72
re.kr,openprovider,USD,60
realestate,openprovider,USD,136
realestate.pl,openprovider,USD,0
realty,openprovider,USD,308
rec.ro,openprovider,USD,17.58
recht.pro,openprovider,USD,222
recife.br,openprovider,USD,0
recipes,openprovider,USD,77
red,openprovider,USD,21.99
reggio-calabria.it,openprovider,USD,18.72
reggio-emilia.it,openprovider,USD,18.72
reggiocalabria.it,openprovider,USD,18.72
reggioemilia.it,openprovider,USD,18.72
rehab,openprovider,USD,52.86
reise,openprovider,USD,124
reisen,openprovider,USD,32.36
reit,openprovider,USD,2100.36
rel.pl,openprovider,USD,0
ren,openprovider,USD,39.91
rent,openprovider,USD,95
rentals,openprovider,USD,53
repair,openprovider,USD,36
report,openprovider,USD,27.98
republican,openprovider,USD,28
rest,openprovider,USD,50.36
restaurant,openprovider,USD,71
review,openprovider,USD,33
reviews,openprovider,USD,74
rg.it,openprovider,USD,18.72
ri.it,openprovider,USD,18.72
rich,openprovider,USD,3500
rieti.it,openprovider,USD,18.72
rimini.it,openprovider,USD,18.72
rio,openprovider,USD,22.45
rio.br,openprovider,USD,0
rio.ec,openprovider,USD,39.95
rip,openprovider,USD,33.99
rm.it,openprovider,USD,18.72
rn.it,openprovider,USD,18.72
ro,openprovider,USD,17.58
ro.it,openprovider,USD,18.72
rocks,openprovider,USD,26.5
rodeo,openprovider,USD,16.98
roma.it,openprovider,USD,18.72
rome.it,openprovider,USD,18.72
rovigo.it,openprovider,USD,18.72
rrpp.ec,openprovider,USD,39.95
rsvp,openprovider,USD,14.98
ru,openprovider,USD,2.8
ru.com,openprovider,USD,161.39
rugby,openprovider,USD,53
ruhr,openprovider,USD,47.3
run,openprovider,USD,30.99
rybnik.pl,openprovider,USD,0
ryukyu,openprovider,USD,13.46
rzeszow.pl,openprovider,USD,0
sa.com,openprovider,USD,399.99
sa.it,openprovider,USD,18.72
saarland,openprovider,USD,35.56
sale,openprovider,USD,52
salerno.it,openprovider,USD,18.72
salon,openprovider,USD,63
sanok.pl,openprovider,USD,0
sar.it,openprovider,USD,18.72
sardegna.it,openprovider,USD,18.72
sardinia.it,openprovider,USD,18.72
sarl,openprovider,USD,19
sassari.it,openprovider,USD,18.72
savona.it,openprovider,USD,18.72
sb,openprovider,USD,36.49
sbs,openprovider,USD,25.98
sc,openprovider,USD,99.98
sc.cn,openprovider,USD,33.26
sc.ke,openprovider,USD,166.65
sc.tz,openprovider,USD,0
sch.ng,nira,NGN,6000
sch.ng,openprovider,USD,0
school,openprovider,USD,38
school.nz,openprovider,USD,0
schule,openprovider,USD,35
science,openprovider,USD,33
scot,openprovider,USD,51.99
sd.cn,openprovider,USD,33.26
se,openprovider,USD,0
se.com,openprovider,USD,53.98
se.net,openprovider,USD,53.98
security,openprovider,USD,4000.36
sejny.pl,openprovider,USD,0
select,openprovider,USD,35.98
seoul.kr,openprovider,USD,60
services,openprovider,USD,47
sex,openprovider,USD,170.98
sex.pl,openprovider,USD,0
sexy,openprovider,USD,2600
sg,openprovider,USD,80
sh,openprovider,USD,78.75
sh.cn,openprovider,USD,33.26
shiksha,openprovider,USD,59
shoes,openprovider,USD,71
shop,openprovider,USD,55.98
shop.pl,openprovider,USD,0
shopping,openprovider,USD,27.6
show,openprovider,USD,53
si,openprovider,USD,0
si.it,openprovider,USD,18.72
sic.it,openprovider,USD,18.72
sicilia.it,openprovider,USD,18.72
sicily.it,openprovider,USD,18.72
siena.it,openprovider,USD,18.72
singles,openprovider,USD,49
siracusa.it,openprovider,USD,18.72
site,openprovider,USD,34.98
sjc.br,openprovider,USD,0
sk,openprovider,USD,55.75
ski,openprovider,USD,62
skin,openprovider,USD,22.1
sklep.pl,openprovider,USD,0
skoczow.pl,openprovider,USD,0
slask.pl,openprovider,USD,0
slupsk.pl,openprovider,USD,0
sm,openprovider,USD,239
sn,openprovider,USD,105.62
sn.cn,openprovider,USD,33.26
so,openprovider,USD,0
so.it,openprovider,USD,18.72
soccer,openprovider,USD,28.99
social,openprovider,USD,51
software,openprovider,USD,53
solar,openprovider,USD,71
solutions,openprovider,USD,42
sondrio.it,openprovider,USD,18.72
sos.pl,openprovider,USD,0
sosnowiec.pl,openprovider,USD,0
soy,openprovider,USD,36.36
sp.it,openprovider,USD,18.72
spa,openprovider,USD,40
space,openprovider,USD,32.98
sport,openprovider,USD,600.36
spreadbetting,openprovider,USD,40000.36
sr,openprovider,USD,71
sr.it,openprovider,USD,18.72
srl,openprovider,USD,52.36
ss.it,openprovider,USD,18.72
stalowa-wola.pl,openprovider,USD,0
starachowice.pl,openprovider,USD,0
stargard.pl,openprovider,USD,0
storage,openprovider,USD,1000.36
store,openprovider,USD,49.98
store.ro,openprovider,USD,17.58
stream,openprovider,USD,33
studio,openprovider,USD,55
study,openprovider,USD,39.98
style,openprovider,USD,51
su,openprovider,USD,0
sucks,openprovider,USD,398.36
suedtirol.it,openprovider,USD,18.72
supplies,openprovider,USD,28.98
supply,openprovider,USD,29.98
support,openprovider,USD,34
surf,openprovider,USD,35.98
surgery,openprovider,USD,60
suwalki.pl,openprovider,USD,0
sv.it,openprovider,USD,18.72
swidnica.pl,openprovider,USD,0
swiebodzin.pl,openprovider,USD,0
swinoujscie.pl,openprovider,USD,0
swiss,openprovider,USD,227.38
sx,openprovider,USD,50
sx.cn,openprovider,USD,33.26
sydney,openprovider,USD,72.99
systems,openprovider,USD,43
szczecin.pl,openprovider,USD,0
szczytno.pl,openprovider,USD,0
szkola.pl,openprovider,USD,0
ta.it,openprovider,USD,18.72
taa.it,openprovider,USD,18.72
taipei,openprovider,USD,28.36
taranto.it,openprovider,USD,18.72
targi.pl,openprovider,USD,0
tarnobrzeg.pl,openprovider,USD,0
tatar,openprovider,USD,10.42
tattoo,openprovider,USD,60.36
tax,openprovider,USD,74
taxi,openprovider,USD,71
tc,openprovider,USD,332
td,openprovider,USD,0
te.it,openprovider,USD,18.72
team,openprovider,USD,45
tech,openprovider,USD,59.98
tech.ec,openprovider,USD,39.95
technology,openprovider,USD,31
tel,openprovider,USD,27
tempio-olbia.it,openprovider,USD,18.72
tempioolbia.it,openprovider,USD,18.72
tennis,openprovider,USD,81
teramo.it,openprovider,USD,18.72
terni.it,openprovider,USD,18.72
tf,openprovider,USD,8.16
tgory.pl,openprovider,USD,0
theater,openprovider,USD,65
theatre,openprovider,USD,1000.36
tickets,openprovider,USD,700.36
tienda,openprovider,USD,59.99
tips,openprovider,USD,34
tires,openprovider,USD,168
tirol,openprovider,USD,52.79
tj.cn,openprovider,USD,33.26
tk,openprovider,USD,14.08
tl,openprovider,USD,37.87
tm,openprovider,USD,520
tm.fr,openprovider,USD,10.8
tm.mc,openprovider,USD,90
tm.pl,openprovider,USD,0
tm.ro,openprovider,USD,17.58
tn,openprovider,USD,528.11
tn.it,openprovider,USD,18.72
to.it,openprovider,USD,18.72
today,openprovider,USD,36.49
tokyo,openprovider,USD,13.46
tools,openprovider,USD,44
top,openprovider,USD,12.84
torino.it,openprovider,USD,18.72
tos.it,openprovider,USD,18.72
toscana.it,openprovider,USD,18.72
tourism.pl,openprovider,USD,0
tours,openprovider,USD,68
town,openprovider,USD,45
toys,openprovider,USD,71
tp.it,openprovider,USD,18.72
tr.it,openprovider,USD,18.72
trade,openprovider,USD,33
trading,openprovider,USD,34
training,openprovider,USD,50
trani-andria-barletta.it,openprovider,USD,18.72
trani-barletta-andria.it,openprovider,USD,18.72
traniandriabarletta.it,openprovider,USD,18.72
tranibarlettaandria.it,openprovider,USD,18.72
trapani.it,openprovider,USD,18.72
travel,openprovider,USD,155
travel.in,openprovider,USD,7.59
travel.pl,openprovider,USD,0
trentin-sud-tirol.it,openprovider,USD,18.72
trentin-sudtirol.it,openprovider,USD,18.72
trentin-sued-tirol.it,openprovider,USD,18.72
trentin-suedtirol.it,openprovider,USD,18.72
trentino-a-adige.it,openprovider,USD,18.72
trentino-aadige.it,openprovider,USD,18.72
trentino-alto-adige.it,openprovider,USD,18.72
trentino-altoadige.it,openprovider,USD,18.72
trentino-s-tirol.it,openprovider,USD,18.72
trentino-stirol.it,openprovider,USD,18.72
trentino-sud-tirol.it,openprovider,USD,18.72
trentino-sudtirol.it,openprovider,USD,18.72
trentino-sued-tirol.it,openprovider,USD,18.72
trentino-suedtirol.it,openprovider,USD,18.72
trentino.it,openprovider,USD,18.72
trentinoa-adige.it,openprovider,USD,18.72
trentinoaadige.it,openprovider,USD,18.72
trentinoalto-adige.it,openprovider,USD,18.72
trentinoaltoadige.it,openprovider,USD,18.72
trentinos-tirol.it,openprovider,USD,18.72
trentinostirol.it,openprovider,USD,18.72
trentinosud-tirol.it,openprovider,USD,18.72
trentinosudtirol.it,openprovider,USD,18.72
trentinosued-tirol.it,openprovider,USD,18.72
trentinosuedtirol.it,openprovider,USD,18.72
trentinsud-tirol.it,openprovider,USD,18.72
trentinsudtirol.it,openprovider,USD,18.72
trentinsued-tirol.it,openprovider,USD,18.72
trentinsuedtirol.it,openprovider,USD,18.72
trento.it,openprovider,USD,18.72
treviso.it,openprovider,USD,18.72
trieste.it,openprovider,USD,18.72
ts.it,openprovider,USD,18.72
tube,openprovider,USD,40.36
tur.br,openprovider,USD,37.03
tur.ec,openprovider,USD,49.95
turek.pl,openprovider,USD,0
turin.it,openprovider,USD,18.72
turystyka.pl,openprovider,USD,0
tuscany.it,openprovider,USD,18.72
tv,openprovider,USD,49.99
tv.br,openprovider,USD,0
tv.in,openprovider,USD,7.59
tv.it,openprovider,USD,18.72
tv.tz,openprovider,USD,0
tw,openprovider,USD,63.99
tw.cn,openprovider,USD,33.26
tychy.pl,openprovider,USD,0
tz,openprovider,USD,0
ua,openprovider,USD,110.85
ud.it,openprovider,USD,18.72
udine.it,openprovider,USD,18.72
uio.ec,openprovider,USD,39.95
uk,openprovider,USD,0
uk.com,openprovider,USD,46.98
uk.in,openprovider,USD,7.59
uk.net,openprovider,USD,46.98
uk.pr,openprovider,USD,294
umb.it,openprovider,USD,18.72
umbria.it,openprovider,USD,18.72
university,openprovider,USD,74
uno,openprovider,USD,27.98
up.in,openprovider,USD,7.59
urbino-pesaro.it,openprovider,USD,18.72
urbinopesaro.it,openprovider,USD,18.72
us,openprovider,USD,15.99
us.com,openprovider,USD,30
us.in,openprovider,USD,7.59
us.org,openprovider,USD,30
ustka.pl,openprovider,USD,0
uy,openprovider,USD,180
uy.com,openprovider,USD,66
va.it,openprovider,USD,18.72
vacations,openprovider,USD,51
val-d-aosta.it,openprovider,USD,18.72
val-daosta.it,openprovider,USD,18.72
vald-aosta.it,openprovider,USD,18.72
valdaosta.it,openprovider,USD,18.72
valle-aosta.it,openprovider,USD,18.72
valle-d-aosta.it,openprovider,USD,18.72
valle-daosta.it,openprovider,USD,18.72
valleaosta.it,openprovider,USD,18.72
valled-aosta.it,openprovider,USD,18.72
valledaosta.it,openprovider,USD,18.72
vallee-aoste.it,openprovider,USD,18.72
vallee-d-aoste.it,openprovider,USD,18.72
valleeaoste.it,openprovider,USD,18.72
valleedaoste.it,openprovider,USD,18.72
vana,openprovider,USD,2225
vao.it,openprovider,USD,18.72
varese.it,openprovider,USD,18.72
vb.it,openprovider,USD,18.72
vc,openprovider,USD,51
vc.it,openprovider,USD,18.72
vda.it,openprovider,USD,18.72
ve.it,openprovider,USD,18.72
vegas,openprovider,USD,80.26
ven.it,openprovider,USD,18.72
veneto.it,openprovider,USD,18.72
venezia.it,openprovider,USD,18.72
venice.it,openprovider,USD,18.72
ventures,openprovider,USD,64
verbania.it,openprovider,USD,18.72
vercelli.it,openprovider,USD,18.72
verona.it,openprovider,USD,18.72
versicherung,openprovider,USD,232.72
vet,openprovider,USD,50
vg,openprovider,USD,108
vi.it,openprovider,USD,18.72
viajes,openprovider,USD,110.36
vibo-valentia.it,openprovider,USD,18.72
vibovalentia.it,openprovider,USD,18.72
vicenza.it,openprovider,USD,18.72
video,openprovider,USD,35
villas,openprovider,USD,64
vin,openprovider,USD,64
vip,openprovider,USD,19.98
vision,openprovider,USD,59
viterbo.it,openprovider,USD,18.72
vix.br,openprovider,USD,0
vlaanderen,openprovider,USD,47.3
vn,openprovider,USD,145
vodka,openprovider,USD,35.98
vote,openprovider,USD,71
voting,openprovider,USD,828.55
voto,openprovider,USD,100.36
voyage,openprovider,USD,58
vr.it,openprovider,USD,18.72
vs.it,openprovider,USD,18.72
vt.it,openprovider,USD,18.72
vuelos,openprovider,USD,20000.36
vv.it,openprovider,USD,18.72
walbrzych.pl,openprovider,USD,0
wales,openprovider,USD,26.34
wang,openprovider,USD,18
warmia.pl,openprovider,USD,0
warszawa.pl,openprovider,USD,0
watch,openprovider,USD,53
watches,openprovider,USD,280
waw.pl,openprovider,USD,0
web.za,openprovider,USD,0
webcam,openprovider,USD,33
website,openprovider,USD,22.99
wedding,openprovider,USD,35.98
wegrow.pl,openprovider,USD,0
wf,openprovider,USD,8.16
whoswho,openprovider,USD,10000.36
wielun.pl,openprovider,USD,0
wien,openprovider,USD,62.49
wiki,openprovider,USD,44.98
win,openprovider,USD,13.99
wine,openprovider,USD,64
wlocl.pl,openprovider,USD,0
wloclawek.pl,openprovider,USD,0
wodzislaw.pl,openprovider,USD,0
wolomin.pl,openprovider,USD,0
work,openprovider,USD,16.98
works,openprovider,USD,51
world,openprovider,USD,51
wroclaw.pl,openprovider,USD,0
ws,openprovider,USD,44.98
wtf,openprovider,USD,44
www.ro,openprovider,USD,17.58
xj.cn,openprovider,USD,33.26
xn--11b2bfp5fn6er.xn--h2brj9c8c,openprovider,USD,7.59
xn--1qqw23a,openprovider,USD,28.94
xn--2scrj9c,openprovider,USD,7.59
xn--3bst00m,openprovider,USD,1040.36
xn--3ds443g,openprovider,USD,400.36
xn--3hcrj9c,openprovider,USD,7.59
xn--45br5cyl,openprovider,USD,7.59
xn--45brj9c,openprovider,USD,7.59
xn--45q11c,openprovider,USD,400.36
xn--4gbrim,openprovider,USD,80
xn--55qx5d,openprovider,USD,55.6
xn--5tzm5g,openprovider,USD,19
xn--6frz82g,openprovider,USD,24.36
xn--6qq986b3xl,openprovider,USD,44.36
xn--80adxhks,openprovider,USD,17.6
xn--80asehdb,openprovider,USD,46.94
xn--80aswg,openprovider,USD,47.3
xn--9dbq2a,openprovider,USD,40
xn--balsan-sdtirol-nsb.it,openprovider,USD,18.72
xn--bozen-sdtirol-2ob.it,openprovider,USD,18.72
xn--bulsan-sdtirol-nsb.it,openprovider,USD,18.72
xn--c1avg,openprovider,USD,19.5
xn--cesena-forl-mcb.it,openprovider,USD,18.72
xn--cesenaforl-i8a.it,openprovider,USD,18.72
xn--czr694b,openprovider,USD,1190.86
xn--czrs0t,openprovider,USD,70.36
xn--czru2d,openprovider,USD,400.36
xn--d1acj3b,openprovider,USD,12.89
xn--d1alf,openprovider,USD,0
xn--d9b2bf3g1k.xn--s9brj9c,openprovider,USD,7.59
xn--e1a4c,openprovider,USD,15.49
xn--fhbed7t1n.xn--mgbbh1a71e,openprovider,USD,7.59
xn--fiq228c5hs,openprovider,USD,399.98
xn--fiqs8s,openprovider,USD,76
xn--fjq720a,openprovider,USD,132.36
xn--forl-cesena-fcb.it,openprovider,USD,18.72
xn--forlcesena-c8a.it,openprovider,USD,18.72
xn--fpcrj9c3d,openprovider,USD,7.59
xn--g2xx48c,openprovider,USD,600
xn--gecrj9c,openprovider,USD,7.59
xn--goc1b4ch5i8a.xn--fpcrj9c3d,openprovider,USD,7.59
xn--h2breg3eve,openprovider,USD,7.59
xn--h2brj9c,openprovider,USD,7.59
xn--h2brj9c8c,openprovider,USD,7.59
xn--hdb9cza1b,openprovider,USD,26
xn--hdc1b4ch5i.xn--gecrj9c,openprovider,USD,7.59
xn--hhbcm0s3h.xn--mgbgu82a,openprovider,USD,7.59
xn--hxt814e,openprovider,USD,400.36
xn--i1b1b4ch5i.xn--h2brj9c,openprovider,USD,7.59
xn--i1b6b1a6a2e,openprovider,USD,19.5
xn--imr513n,openprovider,USD,187.93
xn--io0a7i,openprovider,USD,55.6
xn--j6w193g,openprovider,USD,0
xn--kpry57d,openprovider,USD,66
xn--mgbaam7a8h,openprovider,USD,0
xn--mgbab2bd,openprovider,USD,30.36
xn--mgbbh1a,openprovider,USD,7.59
xn--mgbbh1a71e,openprovider,USD,7.59
xn--mgbcpq6gpa1a,openprovider,USD,145
xn--mgbgu82a,openprovider,USD,7.59
xn--mk1bu44c,openprovider,USD,19
xn--ngbc5azd,openprovider,USD,21
xn--node,openprovider,USD,140.83
xn--nqv7f,openprovider,USD,19.5
xn--nyqy26a,openprovider,USD,3600.36
xn--p1acf,openprovider,USD,21.98
xn--p1ai,openprovider,USD,2.8
xn--p5b2bfp5fh3fra.xn--45brj9c,openprovider,USD,7.59
xn--p5b2bfp5fn6er.xn--45br5cyl,openprovider,USD,7.59
xn--q9jyb4c,openprovider,USD,15.26
xn--qxa6a,openprovider,USD,15.49
xn--qxam,openprovider,USD,0
xn--rhqv96g,openprovider,USD,40.36
xn--rvc1e0am3e,openprovider,USD,7.59
xn--s9brj9c,openprovider,USD,7.59
xn--sdtirol-n2a.it,openprovider,USD,18.72
xn--ses554g,openprovider,USD,351.43
xn--t60b56a,openprovider,USD,19
xn--tckwe,openprovider,USD,19
xn--trentin-sd-tirol-rzb.it,openprovider,USD,18.72
xn--trentin-sdtirol-7vb.it,openprovider,USD,18.72
xn--trentino-sd-tirol-c3b.it,openprovider,USD,18.72
xn--trentino-sdtirol-szb.it,openprovider,USD,18.72
xn--trentinosd-tirol-rzb.it,openprovider,USD,18.72
xn--trentinosdtirol-7vb.it,openprovider,USD,18.72
xn--trentinsd-tirol-6vb.it,openprovider,USD,18.72
xn--trentinsdtirol-nsb.it,openprovider,USD,18.72
xn--unup4y,openprovider,USD,132.36
xn--valle-aoste-ebb.it,openprovider,USD,18.72
xn--valle-d-aoste-ehb.it,openprovider,USD,18.72
xn--valleaoste-e7a.it,openprovider,USD,18.72
xn--valledaoste-ebb.it,openprovider,USD,18.72
xn--vhquv,openprovider,USD,132.36
xn--vlccpku2dp3h.xn--xkc2dl3a5ee0h,openprovider,USD,7.59
xn--wgbl6a,openprovider,USD,0
xn--xhq521b,openprovider,USD,28.94
xn--xkc2dl3a5ee0h,openprovider,USD,7.59
xxx,openprovider,USD,170.98
xyz,openprovider,USD,22.1
xz.cn,openprovider,USD,33.26
yachts,openprovider,USD,22.1
yn.cn,openprovider,USD,33.26
yoga,openprovider,USD,35.98
yokohama,openprovider,USD,13.46
yt,openprovider,USD,8.16
za.bz,openprovider,USD,25.95
za.com,openprovider,USD,399.99
zachpomor.pl,openprovider,USD,0
zagan.pl,openprovider,USD,0
zarow.pl,openprovider,USD,0
zgora.pl,openprovider,USD,0
zgorzelec.pl,openprovider,USD,0
zip,openprovider,USD,12
zj.cn,openprovider,USD,33.26
zm,openprovider,USD,0
zone,openprovider,USD,51
zuerich,openprovider,USD,90.77